country.code,country.name,year,agriculture.ghg.emissions.mio.tonnes,energy.ghg.emissions.mio.tonnes,industry.ghg.emissions.mio.tonnes,total.ghg.emissions.mio.tonnes,transport.ghg.emissions.mio.tonnes,waste.ghg.emissions.mio.tonnes
AT,Austria,1990,8.1,38.9,13.7,78.7,14,3.9
AT,Austria,1991,8,41.1,13.7,82.3,15.5,4
AT,Austria,1992,7.7,36.6,12.1,75.8,15.4,3.9
AT,Austria,1993,7.7,36.699999999999996,12,75.9,15.6,3.9
AT,Austria,1994,7.7,36.3,12.7,76.2,15.6,3.8
AT,Austria,1995,7.8,38.6,13.6,79.6,15.9,3.7
AT,Austria,1996,7.7,41.2,13.1,82.9,17.4,3.5
AT,Austria,1997,7.7,40.7,14.2,82.4,16.5,3.3
AT,Austria,1998,7.6,38.4,13.9,81.7,18.6,3.2
AT,Austria,1999,7.5,37.8,13.6,80.1,18,3.1
AT,Austria,2000,7.4,36.599999999999994,14.6,80.4,18.8,3
AT,Austria,2001,7.4,39.3,14.5,84.3,20.3,2.9
AT,Austria,2002,7.3,38.599999999999994,15.1,86.1,22.2,2.9
AT,Austria,2003,7.1,42.4,15.3,91.8,24.1,2.9
AT,Austria,2004,7.1,41.9,14.8,91.4,24.6,2.9
AT,Austria,2005,7,42.199999999999996,15.6,92.6,24.9,2.8
AT,Austria,2006,7,40.5,16.3,90.1,23.7,2.7
AT,Austria,2007,7.1,37,16.9,87.5,23.9,2.5
AT,Austria,2008,7.2,37.5,17.2,86.8,22.4,2.4
AT,Austria,2009,7.2,35.099999999999994,13.9,80.3,21.8,2.3
AT,Austria,2010,7.1,37,15.9,84.8,22.6,2.2
AT,Austria,2011,7.2,35.4,16,82.5,21.9,2
AT,Austria,2012,7.1,33.5,15.6,79.8,21.7,1.9
AT,Austria,2013,7.1,32.6,15.9,80.4,22.9,1.8
AT,Austria,2014,7.2,29.500000000000004,16,76.7,22.2,1.7
AT,Austria,2015,7.2,30.7,16.6,78.9,22.7,1.6
AT,Austria,2016,7.4,30.799999999999997,16.4,79.6,23.5,1.6
AT,Austria,2017,7.3,31.999999999999996,17.2,82.3,24.3,1.5
AT,Austria,2018,7.4,31,15.6,79.8,24.4,1.4
AT,Austria,2019,7.4,30.799999999999997,16.1,80.4,24.6,1.4
AT,Austria,2020,7.5,30.4,16,79.7,24.5,1.3
AT,Austria,2021,7.5,29.199999999999996,15.6,78.2,24.6,1.2
AT,Austria,2022,7.5,28.9,15.6,77.9,24.6,1.2
AT,Austria,2023,7.5,28.8,15.6,77.8,24.7,1.1
AT,Austria,2024,7.5,28.900000000000002,15.3,77.6,24.7,1.1
AT,Austria,2025,7.5,28.4,15.1,76.6,24.5,1.1
AT,Austria,2026,7.6,27.700000000000003,15.1,75.9,24.5,1
AT,Austria,2027,7.6,27.700000000000003,15,75.7,24.4,1
AT,Austria,2028,7.6,27.400000000000002,14.9,75,24.2,1
AT,Austria,2029,7.6,27.299999999999997,14.7,74.5,24,0.9
AT,Austria,2030,7.6,27.099999999999998,14.7,74,23.7,0.9
AT,Austria,2031,7.6,26.9,14.6,73.5,23.5,0.9
AT,Austria,2032,7.7,26.6,14.6,73.1,23.4,0.9
AT,Austria,2033,7.7,26.400000000000002,14.6,72.7,23.2,0.9
AT,Austria,2034,7.7,26.4,14.5,72.5,23,0.8
AT,Austria,2035,7.7,26.300000000000004,14.5,72.3,22.9,0.8
AT,Austria,2036,7.7,26.099999999999998,14.5,71.9,22.7,0.8
AT,Austria,2037,7.8,26.299999999999997,14.5,71.9,22.5,0.8
AT,Austria,2038,7.8,26.2,14.5,71.6,22.3,0.8
AT,Austria,2039,7.8,26.000000000000004,14.5,71.2,22.2,0.8
AT,Austria,2040,7.8,25.9,14.5,71,22,0.8
BE,Belgium,1990,12.2,82.80000000000001,26.3,146.6,20.9,4.3
BE,Belgium,1991,12.1,86.30000000000001,25.3,149.3,21.1,4.5
BE,Belgium,1992,12.1,83.9,26.4,148.9,21.9,4.6
BE,Belgium,1993,12.2,83.30000000000001,25.6,147.9,22.4,4.4
BE,Belgium,1994,12.1,84.5,28.5,152.5,22.9,4.5
BE,Belgium,1995,12.3,84.80000000000001,30.2,154.7,22.9,4.5
BE,Belgium,1996,12.2,88.6,29.7,158.3,23.4,4.4
BE,Belgium,1997,12.2,82.7,26.9,149.8,23.5,4.5
BE,Belgium,1998,12,86.3,28.1,155,24.2,4.3
BE,Belgium,1999,12.2,80.7,27.2,148.6,24.5,4.1
BE,Belgium,2000,11.3,81.1,28.4,149.7,24.9,3.9
BE,Belgium,2001,11.1,81.1,27,148.1,25.4,3.5
BE,Belgium,2002,11,80.5,26.8,147.6,25.7,3.5
BE,Belgium,2003,10.6,81.2,26.7,147.9,26.3,3.2
BE,Belgium,2004,10.5,80.4,27.7,149.2,27.4,3.2
BE,Belgium,2005,10.3,78.9,26.4,145.3,26.6,3.1
BE,Belgium,2006,10.1,76.6,25.7,142.7,27.2,3
BE,Belgium,2007,10.3,73.7,24,139,28,3
BE,Belgium,2008,10.1,73.5,24.3,138.8,28.1,2.8
BE,Belgium,2009,10.3,67.5,18.6,126.3,27.3,2.6
BE,Belgium,2010,10.2,72.4,21.5,132.9,26.4,2.5
BE,Belgium,2011,10.1,63.2,20.6,122.2,26,2.3
BE,Belgium,2012,9.9,63,19.1,119.4,25.2,2.2
BE,Belgium,2013,9.9,63,19.8,119.3,24.8,1.8
BE,Belgium,2014,10.1,56.900000000000006,19.8,113.5,25,1.7
BE,Belgium,2015,10,59,19.8,117.1,26.7,1.6
BE,Belgium,2016,9.9,57.6,20.4,115.8,26.4,1.5
BE,Belgium,2017,10.1,57.5,19.7,114.5,25.8,1.5
BE,Belgium,2018,10,56.6,19.8,114.3,26.4,1.4
BE,Belgium,2019,9.9,55.8,19.9,114,27,1.3
BE,Belgium,2020,9.8,55.099999999999994,20.1,113.7,27.5,1.3
BE,Belgium,2021,9.7,55.99999999999999,19.9,114.4,27.6,1.2
BE,Belgium,2022,9.6,56.8,19.8,115.1,27.7,1.2
BE,Belgium,2023,9.6,57.7,19.6,115.8,27.8,1.1
BE,Belgium,2024,9.5,58.6,19.5,116.5,27.9,1.1
BE,Belgium,2025,9.4,59.5,19.3,117.2,28,1
BE,Belgium,2026,9.4,60.699999999999996,19.2,118.4,28.1,1
BE,Belgium,2027,9.3,61.900000000000006,19.1,119.6,28.3,0.9
BE,Belgium,2028,9.3,63.1,19,120.8,28.4,0.9
BE,Belgium,2029,9.3,64.4,18.9,122,28.5,0.9
BE,Belgium,2030,9.2,65.5,18.8,123.1,28.7,0.8
BE,Belgium,2031,9.2,65.9,18.8,123.6,28.8,0.8
BE,Belgium,2032,9.2,66.4,18.8,124.1,28.9,0.8
BE,Belgium,2033,9.2,66.8,18.8,124.6,29,0.8
BE,Belgium,2034,9.2,67.19999999999999,18.7,125.1,29.1,0.8
BE,Belgium,2035,9.2,67.6,18.7,125.6,29.2,0.8
BG,Bulgaria,1990,12.5,64.80000000000001,10,101.8,6.6,8
BG,Bulgaria,1991,10.8,53.5,7.9,83.4,3.6,7.7
BG,Bulgaria,1992,9.4,50.1,6.6,77.8,4,7.6
BG,Bulgaria,1993,8,49.9,6.9,76.8,4.5,7.4
BG,Bulgaria,1994,7,47,8.4,73.1,4.1,6.6
BG,Bulgaria,1995,5.9,46.800000000000004,10.5,74.6,4.4,7
BG,Bulgaria,1996,5.6,47.5,10.3,74.8,4.3,7
BG,Bulgaria,1997,5.7,45.2,9.5,71.8,4.4,7
BG,Bulgaria,1998,5.1,43.4,7.1,67.9,5.5,6.7
BG,Bulgaria,1999,5.5,36.8,6.3,60.7,5.7,6.5
BG,Bulgaria,2000,5.2,35.3,7.2,59.6,5.5,6.4
BG,Bulgaria,2001,5,38.8,7.2,62.7,5.7,6
BG,Bulgaria,2002,5.1,36.5,6.4,59.7,5.9,5.8
BG,Bulgaria,2003,5,39.6,7.1,64.2,6.5,5.9
BG,Bulgaria,2004,5.5,37.8,7.2,63.3,7,5.8
BG,Bulgaria,2005,5.2,37.900000000000006,7.7,63.9,7.8,5.4
BG,Bulgaria,2006,5.1,38.400000000000006,7.5,64.5,8.3,5.2
BG,Bulgaria,2007,4.9,42.2,8,68.4,8.2,5.1
BG,Bulgaria,2008,5.1,41.1,7.2,67,8.6,4.9
BG,Bulgaria,2009,5,35.900000000000006,4.2,58,8.2,4.8
BG,Bulgaria,2010,5.5,38,4.4,60.5,8,4.6
BG,Bulgaria,2011,5.1,43,5,65.9,8.2,4.6
BG,Bulgaria,2012,5.2,37.8,4.8,60.8,8.5,4.4
BG,Bulgaria,2013,5.7,33.2,4.8,55.5,7.4,4.5
BG,Bulgaria,2014,6.2,34.5,5.1,58.5,8.4,4.3
BG,Bulgaria,2015,6.2,36.3,5.8,61.7,9.2,4.2
BG,Bulgaria,2016,6.6,33.099999999999994,6.1,59.1,9.3,4.1
BG,Bulgaria,2017,6.6,35.1,6.4,61.4,9.5,3.8
BG,Bulgaria,2018,5.6,42.1,5.5,67,9.9,3.9
BG,Bulgaria,2019,5.8,44,5.4,69.2,10.2,3.8
BG,Bulgaria,2020,6,45.9,5.3,71.3,10.4,3.7
BG,Bulgaria,2021,5.9,44.3,5.3,69.4,10.3,3.6
BG,Bulgaria,2022,5.7,42.8,5.2,67.4,10.1,3.6
BG,Bulgaria,2023,5.6,41.1,5.2,65.4,10,3.6
BG,Bulgaria,2024,5.4,39.599999999999994,5.1,63.5,9.8,3.6
BG,Bulgaria,2025,5.3,38,5,61.5,9.6,3.5
BG,Bulgaria,2026,5.4,37.2,5.1,60.9,9.7,3.5
BG,Bulgaria,2027,5.5,36.400000000000006,5.1,60.2,9.8,3.5
BG,Bulgaria,2028,5.6,35.6,5.1,59.6,9.9,3.5
BG,Bulgaria,2029,5.7,34.7,5.1,59,10,3.5
BG,Bulgaria,2030,5.8,34,5.1,58.4,10,3.4
BG,Bulgaria,2031,5.9,32.6,5.2,57,9.9,3.4
BG,Bulgaria,2032,6,31.2,5.2,55.6,9.8,3.4
BG,Bulgaria,2033,6.1,29.900000000000002,5.2,54.3,9.7,3.4
BG,Bulgaria,2034,6.2,28.5,5.3,52.9,9.6,3.4
BG,Bulgaria,2035,6.3,27.200000000000003,5.3,51.5,9.4,3.3
HR,Croatia,1990,4.4,17.8,4.7,31.9,3.9,1.1
HR,Croatia,1991,4.3,13.299999999999999,3.5,25,2.9,1.1
HR,Croatia,1992,3.8,12.5,2.9,23.1,2.8,1.1
HR,Croatia,1993,3.6,13.100000000000001,2.4,23.3,3,1.1
HR,Croatia,1994,3.4,11.899999999999999,2.7,22.3,3.2,1.1
HR,Croatia,1995,3.3,12.6,2.5,22.9,3.4,1.2
HR,Croatia,1996,3.2,13,2.5,23.5,3.7,1.2
HR,Croatia,1997,3.3,13.4,2.7,24.8,4.1,1.2
HR,Croatia,1998,3.1,14.100000000000001,2.4,25.1,4.2,1.2
HR,Croatia,1999,3.2,14.399999999999999,2.9,26.2,4.5,1.3
HR,Croatia,2000,3.1,13.8,3.1,25.9,4.5,1.3
HR,Croatia,2001,3.3,14.700000000000001,3.1,27.1,4.6,1.4
HR,Croatia,2002,3.2,15.599999999999998,3.1,28.1,4.8,1.4
HR,Croatia,2003,3.1,16.6,3.1,29.5,5.2,1.5
HR,Croatia,2004,3.4,15.799999999999999,3.5,29.6,5.4,1.5
HR,Croatia,2005,3.3,16,3.6,30,5.6,1.5
HR,Croatia,2006,3.4,15.799999999999999,3.7,30.4,5.9,1.6
HR,Croatia,2007,3.3,16.599999999999998,3.9,31.8,6.3,1.7
HR,Croatia,2008,3.5,15.5,3.8,30.8,6.2,1.8
HR,Croatia,2009,3,14.400000000000002,3.1,28.5,6.2,1.9
HR,Croatia,2010,3.1,13.7,3.3,28.1,6,1.9
HR,Croatia,2011,3.2,13.7,3.2,27.8,5.8,1.9
HR,Croatia,2012,3,12.500000000000002,2.9,25.9,5.6,1.9
HR,Croatia,2013,2.8,11.600000000000001,2.6,24.6,5.7,1.8
HR,Croatia,2014,2.7,10.799999999999999,2.8,23.8,5.6,1.9
HR,Croatia,2015,2.9,10.600000000000001,2.8,24.2,6,2
HR,Croatia,2016,2.8,10.8,2.5,24.4,6.2,2.1
HR,Croatia,2017,2.8,10.700000000000001,2.7,25,6.6,2.1
HR,Croatia,2018,2.8,10,2.7,24.1,6.2,2.4
HR,Croatia,2019,2.8,9.399999999999999,2.8,23.7,6.3,2.4
HR,Croatia,2020,2.7,9,2.9,23.4,6.3,2.4
HR,Croatia,2021,2.7,9,2.9,23.4,6.2,2.5
HR,Croatia,2022,2.7,9,3,23.4,6.2,2.5
HR,Croatia,2023,2.7,9,3,23.4,6.1,2.6
HR,Croatia,2024,2.8,9,3,23.4,6,2.6
HR,Croatia,2025,2.8,9,3,23.4,6,2.7
HR,Croatia,2026,2.8,9,3,23.4,5.9,2.7
HR,Croatia,2027,2.8,9,3,23.5,5.8,2.8
HR,Croatia,2028,2.9,9,3.1,23.5,5.8,2.8
HR,Croatia,2029,2.9,9,3.1,23.5,5.7,2.8
HR,Croatia,2030,2.9,9,3.1,23.5,5.6,2.9
HR,Croatia,2031,2.9,8.9,3.1,23.5,5.6,2.9
HR,Croatia,2032,3,8.8,3.1,23.4,5.5,3
HR,Croatia,2033,3,8.799999999999999,3.2,23.4,5.4,3
HR,Croatia,2034,3,8.6,3.2,23.3,5.4,3.1
HR,Croatia,2035,3,8.600000000000001,3.2,23.2,5.3,3.1
CY,Cyprus,1990,0.5,2.8,0.8,5.7,1.2,0.4
CY,Cyprus,1991,0.5,3.3,0.8,6.2,1.2,0.4
CY,Cyprus,1992,0.5,3.4,0.9,6.6,1.4,0.4
CY,Cyprus,1993,0.5,3.6,0.9,6.9,1.4,0.4
CY,Cyprus,1994,0.5,3.7,1,7.2,1.5,0.4
CY,Cyprus,1995,0.6,3.4999999999999996,1,7.1,1.6,0.4
CY,Cyprus,1996,0.6,3.8000000000000003,1,7.4,1.6,0.4
CY,Cyprus,1997,0.5,3.8999999999999995,1,7.5,1.7,0.4
CY,Cyprus,1998,0.6,4.1000000000000005,1,7.9,1.8,0.4
CY,Cyprus,1999,0.5,4.4,1,8.1,1.8,0.5
CY,Cyprus,2000,0.6,4.6000000000000005,1,8.4,1.8,0.5
CY,Cyprus,2001,0.6,4.4,1,8.3,1.9,0.5
CY,Cyprus,2002,0.6,4.5,1,8.6,1.9,0.5
CY,Cyprus,2003,0.6,4.8,1,8.9,2,0.5
CY,Cyprus,2004,0.6,4.9,1.1,9.1,2.1,0.5
CY,Cyprus,2005,0.5,5,1.2,9.3,2.1,0.5
CY,Cyprus,2006,0.5,5.199999999999999,1.2,9.5,2.1,0.5
CY,Cyprus,2007,0.5,5.3999999999999995,1.2,9.9,2.2,0.5
CY,Cyprus,2008,0.5,5.5,1.2,10,2.3,0.5
CY,Cyprus,2009,0.5,5.4,1,9.8,2.3,0.5
CY,Cyprus,2010,0.5,5.2,0.9,9.5,2.3,0.5
CY,Cyprus,2011,0.5,4.9,0.9,9.1,2.3,0.5
CY,Cyprus,2012,0.5,4.6,0.8,8.6,2.1,0.5
CY,Cyprus,2013,0.5,3.9,1.1,7.8,1.9,0.5
CY,Cyprus,2014,0.4,4.2,1.3,8.2,1.8,0.5
CY,Cyprus,2015,0.5,4.199999999999999,1.2,8.3,1.9,0.5
CY,Cyprus,2016,0.5,4.5,1.2,8.7,2,0.6
CY,Cyprus,2017,0.5,4.5,1.3,8.9,2.1,0.6
CY,Cyprus,2018,0.5,4.4,1.4,9,2.1,0.6
CY,Cyprus,2019,0.5,4.5,1.4,9.1,2.1,0.6
CY,Cyprus,2020,0.5,4.1,1.4,8.6,2.1,0.5
CY,Cyprus,2021,0.5,3.4999999999999996,1.4,8,2.1,0.5
CY,Cyprus,2022,0.5,3.4999999999999996,1.4,8,2.1,0.5
CY,Cyprus,2023,0.5,3.6,1.5,8.1,2.1,0.5
CY,Cyprus,2024,0.5,3.6,1.5,8.2,2.1,0.5
CY,Cyprus,2025,0.5,3.6999999999999997,1.5,8.2,2.1,0.4
CY,Cyprus,2026,0.5,3.8000000000000003,1.5,8.3,2.1,0.4
CY,Cyprus,2027,0.5,3.8000000000000003,1.5,8.3,2.1,0.4
CY,Cyprus,2028,0.5,3.8000000000000003,1.5,8.3,2.1,0.4
CY,Cyprus,2029,0.5,3.9,1.5,8.3,2.1,0.4
CY,Cyprus,2030,0.5,3.8000000000000003,1.5,8.2,2.1,0.4
CY,Cyprus,2031,0.5,3.6,1.5,8,2.1,0.3
CY,Cyprus,2032,0.5,3.4999999999999996,1.5,7.9,2.1,0.3
CY,Cyprus,2033,0.5,3.1999999999999997,1.5,7.6,2.1,0.3
CY,Cyprus,2034,0.5,2.9999999999999996,1.5,7.4,2.1,0.3
CY,Cyprus,2035,0.5,2.9,1.5,7.2,2.1,0.3
CY,Cyprus,2036,0.5,2.6999999999999997,1.5,7,2.1,0.3
CY,Cyprus,2037,0.5,2.4999999999999996,1.5,6.8,2.1,0.3
CY,Cyprus,2038,0.5,2.3000000000000003,1.5,6.6,2.1,0.2
CY,Cyprus,2039,0.5,2.1999999999999997,1.5,6.5,2.1,0.2
CY,Cyprus,2040,0.5,2.1999999999999997,1.5,6.4,2.1,0.2
CZ,Czech Republic,1990,15.8,149.8,17.1,197.4,11.5,3.1
CZ,Czech Republic,1991,13.7,138,13.8,179.2,10.3,3.3
CZ,Czech Republic,1992,11.8,132.3,14.6,172.7,10.7,3.3
CZ,Czech Republic,1993,10.5,127.39999999999999,13.5,165,10.3,3.4
CZ,Czech Republic,1994,9.5,118.60000000000001,14.7,157.5,11.2,3.5
CZ,Czech Republic,1995,9.6,118.9,14.2,156.7,10.5,3.5
CZ,Czech Republic,1996,9.3,121.3,14.9,159.8,10.7,3.5
CZ,Czech Republic,1997,8.9,116.2,15.8,155.2,10.5,3.7
CZ,Czech Republic,1998,8.6,109,15.9,149,11.7,3.8
CZ,Czech Republic,1999,8.6,101.6,13.4,139.4,12,3.8
CZ,Czech Republic,2000,8.4,110.10000000000001,14.9,149.3,12.1,3.9
CZ,Czech Republic,2001,8.5,109.6,14.2,149.1,12.9,4
CZ,Czech Republic,2002,8.3,105.6,13.9,145.5,13.5,4.1
CZ,Czech Republic,2003,7.9,106.3,15,148.8,15.3,4.3
CZ,Czech Republic,2004,8.1,105.4,15.9,149.6,16,4.2
CZ,Czech Republic,2005,7.8,103.19999999999999,14.8,147.5,17.4,4.3
CZ,Czech Republic,2006,7.7,103,15.8,148.6,17.7,4.4
CZ,Czech Republic,2007,7.8,103,16.6,150.3,18.6,4.3
CZ,Czech Republic,2008,8,98.1,16.6,145.6,18.5,4.5
CZ,Czech Republic,2009,7.6,93.2,14.1,137.2,17.8,4.6
CZ,Czech Republic,2010,7.4,95.7,15,139.7,16.8,4.9
CZ,Czech Republic,2011,7.6,93.4,15.3,137.8,16.6,4.9
CZ,Czech Republic,2012,7.6,89.7,15,133.7,16.3,5.1
CZ,Czech Republic,2013,7.7,84.5,14.9,128.7,16.2,5.4
CZ,Czech Republic,2014,7.9,81,15.8,126.8,16.7,5.4
CZ,Czech Republic,2015,8.1,81.3,15.4,127.8,17.5,5.5
CZ,Czech Republic,2016,8.5,81.89999999999999,15.6,129.8,18.2,5.6
CZ,Czech Republic,2017,8.4,80.2,15.7,128.7,18.7,5.6
CZ,Czech Republic,2018,8.4,80.2,15.6,127.9,18.2,5.5
CZ,Czech Republic,2019,8.4,79.30000000000001,15.8,127.1,18.1,5.4
CZ,Czech Republic,2020,8.4,78.6,16,126.3,17.9,5.4
CZ,Czech Republic,2021,8.4,76.5,15.9,123.9,17.8,5.3
CZ,Czech Republic,2022,8.5,74.5,15.8,121.6,17.7,5.2
CZ,Czech Republic,2023,8.6,72.4,15.6,119.3,17.6,5
CZ,Czech Republic,2024,8.7,70.3,15.5,116.9,17.5,4.9
CZ,Czech Republic,2025,8.8,68.30000000000001,15.3,114.6,17.4,4.8
CZ,Czech Republic,2026,8.8,67.9,15.2,113.6,17.1,4.7
CZ,Czech Republic,2027,8.9,67.4,15,112.7,16.9,4.6
CZ,Czech Republic,2028,8.9,67,14.8,111.7,16.6,4.5
CZ,Czech Republic,2029,9,66.5,14.6,110.8,16.4,4.3
CZ,Czech Republic,2030,9.1,66,14.4,109.8,16.1,4.2
CZ,Czech Republic,2031,9.1,64.6,14.3,107.8,15.7,4.1
CZ,Czech Republic,2032,9.1,63.1,14.2,105.7,15.4,4
CZ,Czech Republic,2033,9.1,61.7,14,103.7,15,3.9
CZ,Czech Republic,2034,9.1,60.300000000000004,13.9,101.6,14.6,3.7
CZ,Czech Republic,2035,9.1,58.7,13.8,99.6,14.3,3.6
CZ,Czech Republic,2036,9.2,58.00000000000001,13.7,98.3,13.9,3.5
CZ,Czech Republic,2037,9.2,57.400000000000006,13.7,97.1,13.5,3.4
CZ,Czech Republic,2038,9.2,56.8,13.7,95.9,13,3.3
CZ,Czech Republic,2039,9.2,56.1,13.6,94.6,12.6,3.1
CZ,Czech Republic,2040,9.2,55.39999999999999,13.6,93.4,12.2,3
DK,Denmark,1990,12.7,41.599999999999994,2.3,69.2,10.8,1.8
DK,Denmark,1991,12.5,51.8,2.5,79.8,11.3,1.8
DK,Denmark,1992,12.3,45.8,2.5,73.9,11.5,1.7
DK,Denmark,1993,12.3,48.1,2.6,76.2,11.5,1.7
DK,Denmark,1994,12.1,51.7,2.7,80.2,11.9,1.7
DK,Denmark,1995,12.1,48.5,2.9,77.2,12.1,1.6
DK,Denmark,1996,11.7,61.7,3,90.3,12.3,1.5
DK,Denmark,1997,11.7,52,3.1,80.8,12.5,1.5
DK,Denmark,1998,11.7,47.9,3.3,76.8,12.5,1.4
DK,Denmark,1999,11.4,45.4,3.5,74.4,12.6,1.5
DK,Denmark,2000,11.3,41,3.7,70,12.5,1.5
DK,Denmark,2001,11.2,42.7,3.5,71.5,12.5,1.5
DK,Denmark,2002,11.3,42.099999999999994,3.5,71.1,12.7,1.6
DK,Denmark,2003,11.1,46.8,3.5,76.1,13.2,1.6
DK,Denmark,2004,11,41,3.3,70,13.4,1.3
DK,Denmark,2005,10.8,37.1,2.8,65.6,13.6,1.2
DK,Denmark,2006,10.6,44.800000000000004,2.8,73.3,13.9,1.3
DK,Denmark,2007,10.8,39.3,2.9,68.7,14.5,1.3
DK,Denmark,2008,10.7,36.3,2.5,65.2,14.3,1.3
DK,Denmark,2009,10.5,35.1,2.1,62.4,13.5,1.2
DK,Denmark,2010,10.4,35.7,1.9,62.6,13.4,1.2
DK,Denmark,2011,10.4,30.699999999999996,2.1,57.4,13.1,1.2
DK,Denmark,2012,10.4,26.799999999999997,2.1,52.9,12.5,1.1
DK,Denmark,2013,10.4,28.8,2,54.6,12.3,1.1
DK,Denmark,2014,10.5,24.4,2,50.4,12.4,1.1
DK,Denmark,2015,10.4,21.8,1.8,47.8,12.7,1.1
DK,Denmark,2016,10.6,23.200000000000003,2,49.9,13,1.1
DK,Denmark,2017,10.6,20.599999999999998,2,47.6,13.2,1.1
DK,Denmark,2018,10.4,20,2,46.5,12.9,1.1
DK,Denmark,2019,10.4,18.5,2.1,45.1,13,1.1
DK,Denmark,2020,10.4,17.1,2.1,43.6,13,1
DK,Denmark,2021,10.4,16.7,2.1,43.2,13,1
DK,Denmark,2022,10.4,17.200000000000003,2.1,43.8,13.1,1
DK,Denmark,2023,10.5,18.799999999999997,2.1,45.4,13.1,1
DK,Denmark,2024,10.5,19.4,2,46,13.1,1
DK,Denmark,2025,10.5,19.799999999999997,2,46.4,13.1,0.9
DK,Denmark,2026,10.6,20.5,2,47.1,13.1,0.9
DK,Denmark,2027,10.6,22.1,2,48.7,13,0.9
DK,Denmark,2028,10.6,23.299999999999997,2,49.8,13,0.9
DK,Denmark,2029,10.6,24.299999999999997,2,50.8,13,0.9
DK,Denmark,2030,10.7,24.9,2,51.4,12.9,0.9
DK,Denmark,2031,10.8,25.400000000000002,2,52.6,13.3,1.1
DK,Denmark,2032,10.7,26.099999999999998,2,53.1,13.2,1.1
DK,Denmark,2033,10.7,26.9,2,53.8,13.1,1.1
DK,Denmark,2034,10.6,27.800000000000004,2,54.4,12.9,1.1
DK,Denmark,2035,10.7,29.2,2,55.7,12.8,1.1
DK,Denmark,2036,10.6,30.699999999999996,2,57,12.6,1.1
DK,Denmark,2037,10.6,31.800000000000004,2,57.9,12.4,1
DK,Denmark,2038,10.8,33.2,2.1,59.3,12.2,1
DK,Denmark,2039,10.7,34.8,2.1,60.6,12.1,1
DK,Denmark,2040,10.7,35.6,2.1,61.3,11.9,1
EE,Estonia,1990,2.7,33.9,1,40.4,2.5,0.4
EE,Estonia,1991,2.6,31.099999999999998,1,37.3,2.3,0.4
EE,Estonia,1992,2.2,23,0.6,27.3,1.2,0.4
EE,Estonia,1993,1.7,17.599999999999998,0.4,21.4,1.3,0.4
EE,Estonia,1994,1.5,17.9,0.6,22.1,1.6,0.4
EE,Estonia,1995,1.4,16.299999999999997,0.6,20.3,1.6,0.4
EE,Estonia,1996,1.3,16.900000000000002,0.7,21,1.7,0.4
EE,Estonia,1997,1.3,16.3,0.7,20.6,1.8,0.5
EE,Estonia,1998,1.3,14.599999999999998,0.8,19,1.8,0.5
EE,Estonia,1999,1.1,13.600000000000001,0.7,17.7,1.7,0.5
EE,Estonia,2000,1.1,13.3,0.7,17.4,1.7,0.6
EE,Estonia,2001,1.1,13.3,0.7,17.8,2,0.6
EE,Estonia,2002,1.1,12.9,0.6,17.2,2.1,0.6
EE,Estonia,2003,1.1,14.8,0.6,19.1,2,0.5
EE,Estonia,2004,1.2,14.799999999999999,0.7,19.4,2.1,0.5
EE,Estonia,2005,1.2,14.600000000000001,0.7,19.2,2.2,0.5
EE,Estonia,2006,1.2,13.8,0.8,18.5,2.3,0.5
EE,Estonia,2007,1.2,17.1,1,22.2,2.4,0.5
EE,Estonia,2008,1.3,15,1,20,2.3,0.5
EE,Estonia,2009,1.2,12.5,0.5,16.8,2.1,0.5
EE,Estonia,2010,1.2,16.599999999999998,0.5,21.2,2.3,0.5
EE,Estonia,2011,1.3,16.599999999999998,0.7,21.3,2.3,0.5
EE,Estonia,2012,1.3,15.2,0.9,20.2,2.3,0.4
EE,Estonia,2013,1.4,17,1,21.9,2.2,0.4
EE,Estonia,2014,1.4,16.4,0.7,21.1,2.3,0.4
EE,Estonia,2015,1.4,13.600000000000001,0.5,18.1,2.3,0.4
EE,Estonia,2016,1.3,15.1,0.5,19.7,2.4,0.3
EE,Estonia,2017,1.4,16.1,0.6,20.9,2.4,0.3
EE,Estonia,2018,1.4,15.700000000000001,0.6,20.4,2.4,0.3
EE,Estonia,2019,1.4,15.399999999999999,0.7,20,2.3,0.3
EE,Estonia,2020,1.4,15,0.7,19.7,2.2,0.3
EE,Estonia,2021,1.5,14.8,0.7,19.4,2.2,0.3
EE,Estonia,2022,1.5,14.399999999999999,0.7,19.1,2.3,0.3
EE,Estonia,2023,1.5,14.099999999999998,0.7,18.8,2.3,0.3
EE,Estonia,2024,1.5,13.7,0.7,18.5,2.3,0.3
EE,Estonia,2025,1.5,13.399999999999999,0.7,18.2,2.3,0.2
EE,Estonia,2026,1.5,12.8,0.7,17.5,2.3,0.2
EE,Estonia,2027,1.5,12,0.7,16.9,2.4,0.2
EE,Estonia,2028,1.5,11.299999999999999,0.7,16.2,2.4,0.2
EE,Estonia,2029,1.6,10.6,0.7,15.5,2.4,0.2
EE,Estonia,2030,1.6,10,0.7,14.8,2.4,0.2
EE,Estonia,2031,1.6,9.799999999999999,0.7,14.6,2.4,0.2
EE,Estonia,2032,1.6,9.6,0.7,14.5,2.4,0.2
EE,Estonia,2033,1.6,9.4,0.6,14.3,2.5,0.2
EE,Estonia,2034,1.6,9.2,0.6,14.2,2.5,0.2
EE,Estonia,2035,1.6,9,0.6,14,2.5,0.2
EE,Estonia,2036,1.6,8.9,0.6,13.9,2.5,0.2
EE,Estonia,2037,1.6,8.8,0.6,13.7,2.5,0.2
EE,Estonia,2038,1.6,8.7,0.6,13.6,2.5,0.2
EE,Estonia,2039,1.6,8.4,0.6,13.4,2.6,0.2
EE,Estonia,2040,1.6,8.3,0.6,13.3,2.6,0.2
EU,EU,1990,543.3,3555.5,517.2,5649.5,793.2,240.4
EU,EU,1991,512.1,3515.9,482.5,5555,800.4,244
EU,EU,1992,489.6,3356.2000000000003,464,5379.8,823.9,246.1
EU,EU,1993,477.2,3273.5999999999995,455.4,5281.5,828.3,247
EU,EU,1994,471.2,3219.2999999999997,483.3,5255.3,834.9,246.6
EU,EU,1995,472.6,3242.8,498.4,5308.5,847.3,247.4
EU,EU,1996,474.1,3324.7000000000003,499.6,5418.7,873.6,246.6
EU,EU,1997,471.1,3221.6,505.1,5326.3,884.9,243.6
EU,EU,1998,468.2,3176.7000000000003,482.4,5281.5,914.1,240.2
EU,EU,1999,466.6,3096.4,442.9,5172.6,932.1,234.7
EU,EU,2000,461.3,3093.7,455.6,5168.9,926.9,231.5
EU,EU,2001,455,3160.3,440.4,5223.1,940,227.4
EU,EU,2002,448,3123.5,436.6,5182.9,951.3,223.5
EU,EU,2003,444,3193.5999999999995,450.4,5265.6,960.3,217.4
EU,EU,2004,444.7,3165.2999999999997,466.9,5265.4,979.6,208.9
EU,EU,2005,438,3143.8,465.8,5228.4,978.8,202
EU,EU,2006,434.3,3133.7,464.7,5214.5,986,195.8
EU,EU,2007,436.7,3065.2,476,5162.4,995.4,189.1
EU,EU,2008,433.9,3010.3999999999996,450.8,5047,970.7,181.1
EU,EU,2009,427.8,2758.8999999999996,376.8,4681.9,943.2,175.1
EU,EU,2010,423.4,2860.5,394.3,4783.6,937.6,167.8
EU,EU,2011,423.9,2725.1,389.8,4626.4,925.5,162.1
EU,EU,2012,421.7,2710.2,377.3,4563.1,896,157.9
EU,EU,2013,425.2,2628.5,375.3,4468.9,888.7,151.2
EU,EU,2014,432.9,2441.8,381.3,4297.6,896.1,145.5
EU,EU,2015,433.8,2460.3,376.7,4327.3,913.3,143.2
EU,EU,2016,434.8,2422.2,373.7,4303.4,932.5,140.1
EU,EU,2017,439,2421.9,377.5,4323.2,945.9,138.9
EU,EU,2018,428.3,2340.8,371,4204.7,932.7,131.9
EU,EU,2019,427.5,2297.7,369.6,4160,936.7,128.4
EU,EU,2020,426.6,2261.5,366.7,4120,940.3,124.9
EU,EU,2021,426.3,2230.3,361.9,4079.4,938.3,122.7
EU,EU,2022,425.8,2208.3,357.6,4048.3,936.3,120.3
EU,EU,2023,425.6,2190.2,353.2,4021.6,934.5,118.1
EU,EU,2024,425.3,2168.8,348.5,3991.3,932.7,116
EU,EU,2025,425.1,2147.5,344.2,3961.3,930.5,114
EU,EU,2026,425.2,2126.5,340.4,3930.7,926.3,112.3
EU,EU,2027,425.3,2111.2999999999997,336.6,3905.7,921.9,110.6
EU,EU,2028,425.4,2092.3999999999996,332.8,3876.8,917.2,109
EU,EU,2029,425.5,2071.6000000000004,329,3846.2,912.7,107.4
EU,EU,2030,425.6,2049.4,325.3,3814.3,908.1,105.9
EU,EU,2031,426,2021.3,324,3780.6,904.7,104.6
EU,EU,2032,426.2,1997.4999999999998,322.9,3751,901.2,103.2
EU,EU,2033,426.5,1974.2999999999997,322,3722.5,897.9,101.9
EU,EU,2034,426.8,1951.6999999999998,321.3,3694.8,894.5,100.5
EU,EU,2035,427,1928.6000000000001,320.6,3666.7,891.3,99.2
FI,Finland,1990,7.5,41.5,5.4,71.1,12.1,4.7
FI,Finland,1991,7,40.5,5,68.9,11.7,4.7
FI,Finland,1992,6.5,40,4.7,67.5,11.6,4.7
FI,Finland,1993,6.7,42.3,4.7,69.7,11.2,4.7
FI,Finland,1994,6.9,47.3,5,75.3,11.5,4.7
FI,Finland,1995,6.8,44,5.1,71.8,11.3,4.6
FI,Finland,1996,6.8,49.8,5.3,77.7,11.3,4.5
FI,Finland,1997,6.8,47.6,5.6,76.3,11.9,4.4
FI,Finland,1998,6.6,44.2,5.6,72.6,12,4.2
FI,Finland,1999,6.5,43.400000000000006,5.8,72,12.2,4.1
FI,Finland,2000,6.5,41.6,6,70.1,12.1,3.9
FI,Finland,2001,6.6,47,6.1,75.5,12.2,3.7
FI,Finland,2002,6.7,49.4,6.1,77.9,12.4,3.4
FI,Finland,2003,6.5,56.800000000000004,6.4,85.5,12.6,3.2
FI,Finland,2004,6.5,52.6,6.8,81.8,12.9,3.1
FI,Finland,2005,6.5,40.800000000000004,6.8,69.8,12.9,2.8
FI,Finland,2006,6.5,51.699999999999996,7,81.2,13.1,2.9
FI,Finland,2007,6.4,49.4,7.5,79.5,13.4,2.8
FI,Finland,2008,6.5,41.7,7.7,71.4,12.8,2.7
FI,Finland,2009,6.5,40.400000000000006,6.1,67.8,12.2,2.6
FI,Finland,2010,6.6,47.5,6.2,75.6,12.7,2.6
FI,Finland,2011,6.5,40.2,6.1,67.8,12.5,2.5
FI,Finland,2012,6.4,35.400000000000006,6,62.4,12.2,2.4
FI,Finland,2013,6.5,36.1,5.9,62.9,12,2.3
FI,Finland,2014,6.6,33.4,5.7,58.7,10.9,2.2
FI,Finland,2015,6.5,29.700000000000003,5.9,55.1,10.9,2.1
FI,Finland,2016,6.6,31.299999999999997,6.1,58,12.1,2
FI,Finland,2017,6.5,29.5,5.9,55.3,11.5,1.9
FI,Finland,2018,6.6,28.299999999999997,6.1,54.3,11.6,1.8
FI,Finland,2019,6.6,27.799999999999997,6.2,53.8,11.5,1.7
FI,Finland,2020,6.6,26.5,6.3,52.4,11.4,1.6
FI,Finland,2021,6.6,25.500000000000004,6.4,51.1,11.2,1.5
FI,Finland,2022,6.6,25,6.4,50.6,11.1,1.5
FI,Finland,2023,6.5,24.4,6.5,49.7,11,1.4
FI,Finland,2024,6.4,23.900000000000002,6.5,48.9,10.8,1.3
FI,Finland,2025,6.4,23.3,6.6,48.3,10.7,1.3
FI,Finland,2026,6.4,22.699999999999996,6.6,47.5,10.6,1.2
FI,Finland,2027,6.3,22,6.6,46.6,10.5,1.2
FI,Finland,2028,6.3,21.299999999999997,6.6,45.8,10.4,1.1
FI,Finland,2029,6.3,20.5,6.6,45,10.4,1.1
FI,Finland,2030,6.3,20,6.6,44.4,10.3,1.1
FI,Finland,2031,6.4,19.7,6.6,43.9,10.2,1
FI,Finland,2032,6.4,19.4,6.7,43.6,10.1,1
FI,Finland,2033,6.4,19,6.7,43.3,10.1,1
FI,Finland,2034,6.4,18.8,6.8,43,10,1
FI,Finland,2035,6.4,18.5,6.9,42.8,10,0.9
FI,Finland,2036,6.4,18.4,7,42.7,9.9,0.9
FI,Finland,2037,6.4,18.299999999999997,7.1,42.6,9.9,0.9
FI,Finland,2038,6.5,18.1,7.1,42.5,9.9,0.9
FI,Finland,2039,6.5,18.099999999999998,7.2,42.4,9.8,0.9
FI,Finland,2040,6.5,18,7.3,42.4,9.8,0.8
FR,France,1990,82.3,258.5,67.2,548.1,122.8,17.3
FR,France,1991,81.8,282.6,67.4,575.2,125.4,17.9
FR,France,1992,80.4,269.20000000000005,65.3,563.5,129.9,18.7
FR,France,1993,79.4,249.99999999999997,62.9,541.7,129.9,19.5
FR,France,1994,79,241.4,63.9,535.3,130.9,20.1
FR,France,1995,79.7,246.2,63.9,543.1,132.8,20.5
FR,France,1996,80.2,260.7,64.4,560.5,134.5,20.7
FR,France,1997,80.5,249.60000000000002,65.1,553.1,137,20.8
FR,France,1998,80.4,266.5,59.5,566.8,139.1,21.3
FR,France,1999,80.9,259.7,55.2,558.8,141.5,21.5
FR,France,2000,82.7,253.20000000000002,53.9,552.5,140.9,21.9
FR,France,2001,82.2,255.60000000000002,53.8,557.3,143.7,22
FR,France,2002,80.8,249.1,53.9,550.5,144.6,22.1
FR,France,2003,78,256.6,54.6,555.2,143.9,22.1
FR,France,2004,78.4,255.39999999999998,53.2,553.4,144.5,21.8
FR,France,2005,77.3,260.6,53.1,554.9,142.2,21.6
FR,France,2006,76.9,250.5,52.1,542.5,141.5,21.5
FR,France,2007,77.8,240.70000000000002,52.6,532.2,140.1,21.1
FR,France,2008,78.5,242.4,50.3,525.7,133.6,20.9
FR,France,2009,77.7,230.3,45.4,505.6,132,20.3
FR,France,2010,76.5,233,47,511.8,135,20.4
FR,France,2011,75.7,208.39999999999998,46.6,485.5,135,19.9
FR,France,2012,75.6,212.60000000000002,44.6,485.4,133.5,19.1
FR,France,2013,75.1,213.99999999999997,44.8,485.5,132.9,18.6
FR,France,2014,77.1,182.60000000000002,44.2,454.9,132.7,18.3
FR,France,2015,76.8,188.2,43.8,459.9,133.8,17.3
FR,France,2016,75.8,190.09999999999997,43.4,460.6,134.3,17
FR,France,2017,76.2,192.60000000000002,43.9,464.6,134.7,17.2
FR,France,2018,76.3,190.89999999999998,43.1,460,133.5,16.2
FR,France,2019,75.8,192.20000000000002,42.9,460.7,133.9,15.8
FR,France,2020,75.3,193.60000000000002,42.7,461.3,134.2,15.5
FR,France,2021,75.1,191.1,41.5,456,132.9,15.4
FR,France,2022,74.9,188.6,40.2,450.6,131.6,15.3
FR,France,2023,74.8,186,38.9,445.2,130.3,15.2
FR,France,2024,74.6,183.6,37.6,439.8,128.9,15.1
FR,France,2025,74.4,181.1,36.3,434.4,127.6,15
FR,France,2026,74.2,178.8,35.6,430.8,127.2,15
FR,France,2027,74,176.39999999999998,35,427.2,126.8,15
FR,France,2028,73.8,174.2,34.3,423.6,126.3,15
FR,France,2029,73.6,171.9,33.7,420,125.9,15
FR,France,2030,73.3,169.60000000000002,33,416.5,125.5,15
FR,France,2031,73.2,168.29999999999998,32.7,414.4,125.4,14.8
FR,France,2032,73.1,167.09999999999997,32.4,412.4,125.3,14.5
FR,France,2033,72.9,165.7,32.1,410.3,125.3,14.3
FR,France,2034,72.8,164.40000000000003,31.8,408.3,125.2,14
FR,France,2035,72.6,163.20000000000002,31.6,406.2,125.1,13.7
DE,Germany,1990,79.2,872.3,96.8,1251,164.3,38.4
DE,Germany,1991,71.4,832.4000000000001,93.1,1203.9,167.2,39.7
DE,Germany,1992,69.2,777.7,93.3,1153.8,173.2,40.3
DE,Germany,1993,68.4,764.1999999999999,94.5,1144.9,177.6,40.1
DE,Germany,1994,66.7,745.8,100.3,1125.8,173.7,39.3
DE,Germany,1995,68.1,740.4000000000001,98.5,1123,177.7,38.4
DE,Germany,1996,68.5,761.5,96.7,1141.1,177.6,36.9
DE,Germany,1997,67.4,729.7,97,1106,178,34
DE,Germany,1998,67.8,716.5,83.1,1080.7,181.5,31.8
DE,Germany,1999,68.2,686.9,75.1,1047,186.6,30.2
DE,Germany,2000,68.2,687.6999999999999,78,1045.2,182.6,28.6
DE,Germany,2001,67.9,712.0999999999999,74.6,1060.3,178.7,27
DE,Germany,2002,65.6,697.9,73.3,1038.9,176.5,25.6
DE,Germany,2003,64.7,699.6,77.2,1035.6,170,24.1
DE,Germany,2004,64.5,683.4,79.2,1019.1,169.4,22.6
DE,Germany,2005,64.1,671,75.9,993.3,161.2,21.2
DE,Germany,2006,63.3,684.6,76.1,1000.6,157.1,19.5
DE,Germany,2007,62.9,661.5,77.4,973.9,153.9,18.2
DE,Germany,2008,65.1,666.2,73.6,975.6,153.8,16.9
DE,Germany,2009,64.3,608.8,66.1,908.1,153.1,15.7
DE,Germany,2010,63.6,647.2,63.1,942.5,154,14.6
DE,Germany,2011,65.3,622.1,63,920.3,156.1,13.8
DE,Germany,2012,64.9,629.9000000000001,62.1,924.6,154.7,13
DE,Germany,2013,66.1,642.8,62,942.3,159,12.3
DE,Germany,2014,67.5,602.1,62.1,903.2,159.9,11.7
DE,Germany,2015,68,604.5,60.9,907.2,162.6,11.2
DE,Germany,2016,66.5,604.9,62.9,911,166,10.7
DE,Germany,2017,66.3,597.7,64.5,906.6,168,10.2
DE,Germany,2018,64.3,568.6,60.1,871.5,169,9.6
DE,Germany,2019,63.8,551.1999999999999,59.1,853.3,170.1,9.1
DE,Germany,2020,63.2,534.3,58.2,835.6,171.2,8.6
DE,Germany,2021,63.1,530,57,828.6,170.3,8.3
DE,Germany,2022,62.8,525.8,55.9,821.7,169.3,7.9
DE,Germany,2023,62.6,521.4,54.7,814.6,168.4,7.5
DE,Germany,2024,62.3,517.1,53.6,807.6,167.4,7.2
DE,Germany,2025,62,512.7,52.4,800.4,166.5,6.8
DE,Germany,2026,62,501.59999999999997,51,786.4,165.3,6.5
DE,Germany,2027,61.9,490.6,49.6,772.3,164,6.3
DE,Germany,2028,61.8,479.49999999999994,48.2,758.2,162.8,6
DE,Germany,2029,61.7,468.4,46.8,744.2,161.6,5.7
DE,Germany,2030,61.5,457.40000000000003,45.4,730,160.3,5.5
DE,Germany,2031,61.6,452.7,45.2,723.6,158.7,5.5
DE,Germany,2032,61.6,448,45,717.1,157.1,5.5
DE,Germany,2033,61.6,443.4,44.8,710.6,155.4,5.5
DE,Germany,2034,61.6,438.7,44.7,704.1,153.8,5.4
DE,Germany,2035,61.5,434,44.5,697.6,152.1,5.4
GR,Greece,1990,10.1,62.400000000000006,11.2,103.1,14.5,4.9
GR,Greece,1991,10.2,61.7,11.2,103.2,15.3,4.8
GR,Greece,1992,9.9,63.3,10.6,104.4,15.7,4.9
GR,Greece,1993,9.3,62.800000000000004,11,104,15.9,5
GR,Greece,1994,9.1,64.7,11.6,106.8,16.2,5.1
GR,Greece,1995,9.5,64.30000000000001,13.6,109.2,16.6,5.2
GR,Greece,1996,9.5,66.2,14.3,112.3,17,5.2
GR,Greece,1997,9.5,69.9,14.8,117.2,17.8,5.2
GR,Greece,1998,9.4,72.80000000000001,15.6,122.8,19.6,5.4
GR,Greece,1999,9.4,72,16.4,123,19.9,5.3
GR,Greece,2000,9.1,77.80000000000001,15.2,126.3,18.9,5.3
GR,Greece,2001,9.1,79.3,14.6,127.4,19.8,4.6
GR,Greece,2002,9.2,78.80000000000001,14.8,127.4,20.1,4.5
GR,Greece,2003,9.1,81.6,14.5,131.1,21.2,4.7
GR,Greece,2004,9.2,81.69999999999999,14.7,131.8,21.6,4.7
GR,Greece,2005,9,85.19999999999999,15.4,136.3,21.9,4.8
GR,Greece,2006,8.9,83.19999999999999,12.7,132.4,22.6,4.9
GR,Greece,2007,9,84.89999999999999,13.2,135,23.2,4.8
GR,Greece,2008,8.7,82.7,13,131.7,22.5,4.8
GR,Greece,2009,8.5,75,11.3,124.5,25.3,4.5
GR,Greece,2010,8.8,70.6,11.7,118.4,22.5,4.8
GR,Greece,2011,8.6,71.80000000000001,10.4,115.5,20.1,4.6
GR,Greece,2012,8.5,71.39999999999999,11.2,112.1,16.7,4.3
GR,Greece,2013,8.4,61.3,12,102.5,16.5,4.4
GR,Greece,2014,8,57.8,12.3,99.1,16.5,4.5
GR,Greece,2015,7.8,53.9,12,95.3,17.1,4.5
GR,Greece,2016,7.9,49.4,12.5,91.7,17.4,4.5
GR,Greece,2017,7.9,53,12.8,95.4,17.2,4.6
GR,Greece,2018,8,48.699999999999996,11.6,90.5,17.6,4.6
GR,Greece,2019,8,48.3,11.1,89.9,17.7,4.7
GR,Greece,2020,8.1,48.099999999999994,10.7,89.3,17.7,4.8
GR,Greece,2021,8.2,46.7,10.5,88,17.8,4.7
GR,Greece,2022,8.3,45.5,10.4,86.7,17.8,4.7
GR,Greece,2023,8.4,44.3,10.2,85.4,17.8,4.7
GR,Greece,2024,8.5,43,10.1,84.1,17.9,4.6
GR,Greece,2025,8.6,41.7,9.9,82.7,17.9,4.6
GR,Greece,2026,8.7,41.2,10,82.2,17.8,4.5
GR,Greece,2027,8.8,40.599999999999994,10,81.6,17.7,4.5
GR,Greece,2028,8.9,40,10,81,17.6,4.5
GR,Greece,2029,9,39.5,10,80.5,17.5,4.5
GR,Greece,2030,9.1,38.9,10,79.9,17.4,4.4
GR,Greece,2031,9.3,37.800000000000004,10,78.9,17.4,4.4
GR,Greece,2032,9.4,36.900000000000006,10.1,78,17.3,4.4
GR,Greece,2033,9.5,35.900000000000006,10.1,77,17.2,4.3
GR,Greece,2034,9.6,34.9,10.1,76.1,17.1,4.3
GR,Greece,2035,9.7,34,10.1,75.1,17,4.3
GR,Greece,2036,9.8,33.6,10.1,74.7,16.9,4.3
GR,Greece,2037,9.9,33.1,10.1,74.3,16.9,4.2
GR,Greece,2038,10,32.7,10.1,73.8,16.8,4.2
GR,Greece,2039,10.1,32.3,10.1,73.4,16.8,4.2
GR,Greece,2040,10.2,31.900000000000002,10.1,73,16.7,4.2
HU,Hungary,1990,9.9,59.300000000000004,11.8,93.7,8.9,3.8
HU,Hungary,1991,8.3,58.900000000000006,8.1,87,7.8,3.9
HU,Hungary,1992,7.1,52.1,6.3,77,7.5,3.9
HU,Hungary,1993,6.3,52.9,7.2,77.9,7.5,3.9
HU,Hungary,1994,6.2,50.5,8.7,76.7,7.4,4
HU,Hungary,1995,5.9,49.6,8.3,75.3,7.5,4
HU,Hungary,1996,6,51.5,8.6,77.6,7.5,4
HU,Hungary,1997,5.9,50.2,8,76.1,7.9,4.1
HU,Hungary,1998,6.1,49,7.6,75.7,8.8,4.1
HU,Hungary,1999,6.2,49,7.5,76.1,9.2,4.2
HU,Hungary,2000,6.1,45.6,8.2,73.2,9.1,4.2
HU,Hungary,2001,6.3,47,8.2,75.2,9.6,4.2
HU,Hungary,2002,6.3,45.2,7.6,73.6,10.2,4.3
HU,Hungary,2003,6.1,47.7,7.8,76.6,10.7,4.4
HU,Hungary,2004,6.4,45.4,8.5,75.6,11.1,4.2
HU,Hungary,2005,6.1,44,9.1,75.4,12,4.2
HU,Hungary,2006,6.1,42.400000000000006,8.7,74.1,12.8,4.2
HU,Hungary,2007,6,40.6,8.5,72.4,13.1,4.2
HU,Hungary,2008,6.1,40,7.3,70.6,13,4.2
HU,Hungary,2009,5.7,35.4,6.3,64.6,13,4.2
HU,Hungary,2010,5.6,37.199999999999996,6.4,64.9,11.6,4.1
HU,Hungary,2011,5.9,35.9,6.5,63.4,11.1,4
HU,Hungary,2012,5.9,33.099999999999994,6.1,59.6,10.7,3.9
HU,Hungary,2013,6.3,31.299999999999997,5.5,56.8,10,3.7
HU,Hungary,2014,6.5,29.7,6.5,57.4,11.2,3.6
HU,Hungary,2015,6.7,31.099999999999998,7.3,60.8,12.2,3.5
HU,Hungary,2016,6.9,32,6.4,61.1,12.5,3.4
HU,Hungary,2017,7.1,33.1,7.2,63.8,13.1,3.4
HU,Hungary,2018,7.1,32.7,7.2,63.8,13.5,3.3
HU,Hungary,2019,7.2,32.5,7.1,63.9,13.8,3.2
HU,Hungary,2020,7.2,32.2,7.1,63.9,14.2,3.2
HU,Hungary,2021,7.3,32.1,7,64,14.6,3.1
HU,Hungary,2022,7.3,32,6.9,64.2,14.9,3.1
HU,Hungary,2023,7.4,31.900000000000002,6.7,64.3,15.3,3
HU,Hungary,2024,7.4,31.8,6.6,64.5,15.7,3
HU,Hungary,2025,7.5,31.699999999999996,6.5,64.7,16.1,2.9
HU,Hungary,2026,7.5,30.799999999999997,6.5,64.3,16.6,2.8
HU,Hungary,2027,7.6,30,6.5,63.9,17,2.8
HU,Hungary,2028,7.6,29.200000000000003,6.5,63.5,17.4,2.7
HU,Hungary,2029,7.7,28.300000000000004,6.5,63,17.9,2.7
HU,Hungary,2030,7.8,27.499999999999996,6.5,62.6,18.3,2.6
HU,Hungary,2031,7.8,26.599999999999998,6.5,62.2,18.8,2.5
HU,Hungary,2032,7.9,25.900000000000002,6.5,61.8,19.2,2.5
HU,Hungary,2033,7.9,25.1,6.4,61.4,19.6,2.4
HU,Hungary,2034,8,24.199999999999996,6.4,61,20.1,2.3
HU,Hungary,2035,8,23.4,6.4,60.6,20.5,2.3
IS,Iceland,1990,0.6,1.2999999999999998,1,3.6,0.6,0.2
IS,Iceland,1991,0.6,1.2000000000000002,0.8,3.4,0.6,0.2
IS,Iceland,1992,0.6,1.2999999999999998,0.6,3.3,0.6,0.2
IS,Iceland,1993,0.6,1.4,0.6,3.4,0.6,0.2
IS,Iceland,1994,0.6,1.4,0.5,3.3,0.6,0.2
IS,Iceland,1995,0.5,1.5,0.6,3.4,0.6,0.2
IS,Iceland,1996,0.6,1.5,0.5,3.5,0.6,0.2
IS,Iceland,1997,0.6,1.6,0.7,3.6,0.6,0.2
IS,Iceland,1998,0.6,1.6,0.8,3.8,0.6,0.3
IS,Iceland,1999,0.6,1.5000000000000002,1,4,0.7,0.3
IS,Iceland,2000,0.6,1.5000000000000002,1,4,0.7,0.3
IS,Iceland,2001,0.6,1.4000000000000001,1,3.9,0.7,0.3
IS,Iceland,2002,0.5,1.5000000000000002,1,4,0.7,0.3
IS,Iceland,2003,0.5,1.4000000000000001,1,4,0.8,0.3
IS,Iceland,2004,0.5,1.4999999999999998,1,4.1,0.8,0.3
IS,Iceland,2005,0.5,1.4000000000000001,1,3.9,0.8,0.3
IS,Iceland,2006,0.5,1.2999999999999998,1.4,4.5,1,0.3
IS,Iceland,2007,0.6,1.4,1.6,4.9,1,0.3
IS,Iceland,2008,0.6,1.2999999999999998,2.1,5.2,1,0.3
IS,Iceland,2009,0.6,1.3000000000000003,1.9,4.9,0.9,0.3
IS,Iceland,2010,0.5,1.2000000000000002,2,4.8,0.9,0.3
IS,Iceland,2011,0.5,0.9999999999999999,1.8,4.6,0.9,0.3
IS,Iceland,2012,0.5,1.0999999999999999,1.9,4.6,0.8,0.2
IS,Iceland,2013,0.5,0.9,2,4.6,0.9,0.3
IS,Iceland,2014,0.6,0.9999999999999999,1.9,4.6,0.9,0.2
IS,Iceland,2015,0.6,0.9999999999999999,2,4.7,0.9,0.2
IS,Iceland,2016,0.6,0.8999999999999999,2,4.6,1,0.2
IS,Iceland,2017,0.6,0.8999999999999999,2,4.8,1,0.2
IS,Iceland,2018,0.6,0.8999999999999999,2.2,4.9,1,0.2
IS,Iceland,2019,0.6,1,2.2,5,1,0.2
IS,Iceland,2020,0.6,1,2.2,5,1,0.2
IS,Iceland,2021,0.6,1,2.2,5,1,0.2
IS,Iceland,2022,0.6,1,2.2,5,1,0.2
IS,Iceland,2023,0.5,1,2.2,5,1,0.2
IS,Iceland,2024,0.5,0.9999999999999999,2.2,4.9,0.9,0.2
IS,Iceland,2025,0.5,0.9999999999999999,2.2,4.8,0.9,0.2
IS,Iceland,2026,0.5,1,2.2,4.8,0.8,0.2
IS,Iceland,2027,0.5,1,2.2,4.7,0.8,0.2
IS,Iceland,2028,0.5,1,2.2,4.6,0.7,0.2
IS,Iceland,2029,0.5,1,2.1,4.6,0.7,0.2
IS,Iceland,2030,0.5,1,2.1,4.5,0.6,0.2
IS,Iceland,2031,0.5,1,2.1,4.4,0.6,0.2
IS,Iceland,2032,0.5,1,2.1,4.4,0.5,0.2
IS,Iceland,2033,0.5,1,2.1,4.3,0.5,0.2
IS,Iceland,2034,0.5,0.8999999999999999,2.1,4.2,0.5,0.2
IS,Iceland,2035,0.5,0.9999999999999999,2,4.2,0.4,0.2
IE,Ireland,1990,19.5,25.8,3.3,55.4,5.2,1.5
IE,Ireland,1991,19.6,26.599999999999998,3,56.1,5.3,1.6
IE,Ireland,1992,19.6,26,2.9,56,5.8,1.7
IE,Ireland,1993,19.7,26.3,2.9,56.4,5.7,1.7
IE,Ireland,1994,19.8,26.9,3.2,57.7,6,1.8
IE,Ireland,1995,20.2,27.499999999999996,3.3,59.2,6.3,1.8
IE,Ireland,1996,20.6,28.099999999999998,3.5,61.3,7.3,1.7
IE,Ireland,1997,20.7,28.900000000000002,4,62.7,7.7,1.4
IE,Ireland,1998,21.1,29.699999999999996,3.9,65.2,9.1,1.5
IE,Ireland,1999,20.7,30.400000000000002,4,66.3,9.8,1.5
IE,Ireland,2000,19.7,31.7,4.8,68.5,10.8,1.5
IE,Ireland,2001,19.4,33.3,4.9,70.5,11.3,1.6
IE,Ireland,2002,19,31.9,4.3,68.4,11.5,1.7
IE,Ireland,2003,19.3,32.3,3.6,68.7,11.7,1.8
IE,Ireland,2004,19,31.4,3.7,68,12.4,1.5
IE,Ireland,2005,18.7,32.6,3.8,69.5,13.1,1.3
IE,Ireland,2006,18.3,31.400000000000002,3.9,68.8,13.8,1.3
IE,Ireland,2007,18.1,30.800000000000004,3.9,68,14.4,0.8
IE,Ireland,2008,17.8,31.599999999999998,3.5,67.3,13.7,0.7
IE,Ireland,2009,17.6,28.299999999999997,2.7,61.5,12.5,0.5
IE,Ireland,2010,17.7,28.9,2.5,61.1,11.5,0.5
IE,Ireland,2011,17.1,25.7,2.3,57,11.2,0.6
IE,Ireland,2012,17.5,26.2,2.6,57.6,10.8,0.5
IE,Ireland,2013,18.5,24.699999999999996,2.5,57.4,11.1,0.7
IE,Ireland,2014,18.3,23.7,2.9,57.1,11.3,0.9
IE,Ireland,2015,18.5,24.8,3.1,59.2,11.8,0.9
IE,Ireland,2016,19,25.599999999999998,3.3,61.3,12.3,1
IE,Ireland,2017,19.6,24.799999999999997,3.5,60.7,12,0.9
IE,Ireland,2018,19.6,25.5,3.5,61.9,12.5,0.7
IE,Ireland,2019,19.8,25.400000000000002,3.4,62,12.7,0.6
IE,Ireland,2020,20,24.700000000000003,3.4,61.5,12.9,0.6
IE,Ireland,2021,20,24.6,3.4,61.7,13.1,0.6
IE,Ireland,2022,20.1,25.3,3.5,62.6,13.2,0.5
IE,Ireland,2023,20.2,25.400000000000002,3.5,62.8,13.2,0.5
IE,Ireland,2024,20.2,26.199999999999996,3.5,63.6,13.1,0.5
IE,Ireland,2025,20.3,26.4,3.6,63.8,13,0.5
IE,Ireland,2026,20.3,26.6,3.6,64.1,13.1,0.5
IE,Ireland,2027,20.4,26.500000000000004,3.7,64.2,13.2,0.5
IE,Ireland,2028,20.4,26.599999999999998,3.7,64.5,13.3,0.5
IE,Ireland,2029,20.4,26.499999999999996,3.7,64.4,13.3,0.5
IE,Ireland,2030,20.4,26.200000000000003,3.8,64.3,13.4,0.4
IE,Ireland,2031,20.5,22.2,3.9,60.2,13.2,0.4
IE,Ireland,2032,20.5,22.7,4,60.8,13.2,0.4
IE,Ireland,2033,20.5,22.9,4,60.9,13.1,0.4
IE,Ireland,2034,20.5,22.9,4.1,61.1,13.1,0.4
IE,Ireland,2035,20.5,23.200000000000003,4.2,61.3,13,0.4
IE,Ireland,2036,20.6,23.200000000000003,4.2,61.4,13,0.4
IE,Ireland,2037,20.6,23.4,4.2,61.5,12.9,0.4
IE,Ireland,2038,20.6,23.599999999999998,4.2,61.6,12.8,0.4
IE,Ireland,2039,20.6,23.599999999999998,4.2,61.6,12.8,0.4
IE,Ireland,2040,20.6,23.7,4.2,61.6,12.7,0.4
IT,Italy,1990,34.7,323,40.5,517.7,102.2,17.3
IT,Italy,1991,35.4,320.6,40,518.9,104.9,18
IT,Italy,1992,34.8,312.8,39.4,515.5,110,18.4
IT,Italy,1993,35.2,307.3,36.5,509.4,111.7,18.8
IT,Italy,1994,34.8,302.6,35.1,503.5,111.5,19.5
IT,Italy,1995,34.7,325.09999999999997,38.4,532.4,114.3,20
IT,Italy,1996,34.5,318.70000000000005,35.3,525.3,116.1,20.7
IT,Italy,1997,35.1,321.5,35.9,531.9,118,21.3
IT,Italy,1998,34.5,328.70000000000005,36.5,543.1,122.4,21.1
IT,Italy,1999,34.8,331.5,37,548.2,123.8,21.1
IT,Italy,2000,33.9,335.3,39.2,554.1,123.8,21.9
IT,Italy,2001,33.4,338,41.1,561.2,125.6,23.2
IT,Italy,2002,32.8,336.5,41.5,561.2,128,22.4
IT,Italy,2003,32.7,349.4,43.2,575.7,128.1,22.3
IT,Italy,2004,32.5,349.8,46.3,580,129.8,21.7
IT,Italy,2005,31.9,351.29999999999995,47.2,580.6,128.4,21.9
IT,Italy,2006,31.7,344,43.3,570,129.7,21.3
IT,Italy,2007,32.3,334.3,43.4,560.6,129.5,21
IT,Italy,2008,31.4,332.70000000000005,41,547.8,122.4,20.4
IT,Italy,2009,30.7,292.3,35.8,496.2,116.8,20.6
IT,Italy,2010,30,303.40000000000003,36.7,505.8,115.2,20.4
IT,Italy,2011,30.5,291,37,492.5,114.2,19.8
IT,Italy,2012,31.1,281.1,34.2,472.7,106.5,19.9
IT,Italy,2013,30.3,256.8,33.1,442.7,103.8,18.6
IT,Italy,2014,29.9,236.6,32.6,426.2,108.6,18.5
IT,Italy,2015,30.1,246.8,32.6,434,106,18.6
IT,Italy,2016,31,247.20000000000002,32.6,432.1,103.1,18.3
IT,Italy,2017,30.8,246.39999999999998,32.8,427.7,99.5,18.2
IT,Italy,2018,30.8,242.39999999999998,32.4,425.6,103,17
IT,Italy,2019,30.7,240,32.3,422.3,103,16.3
IT,Italy,2020,30.6,237.6,32.2,419,102.9,15.7
IT,Italy,2021,30.6,234.10000000000002,31.8,414.9,103,15.4
IT,Italy,2022,30.5,230.6,31.5,410.8,103.1,15.1
IT,Italy,2023,30.5,227.20000000000002,31.1,406.6,103.1,14.7
IT,Italy,2024,30.4,223.7,30.7,402.5,103.2,14.4
IT,Italy,2025,30.3,220.2,30.4,398.3,103.3,14.1
IT,Italy,2026,30.3,219.39999999999998,30,395.3,101.8,13.8
IT,Italy,2027,30.2,218.4,29.6,392.3,100.4,13.6
IT,Italy,2028,30.2,217.6,29.3,389.3,98.9,13.3
IT,Italy,2029,30.1,216.7,28.9,386.3,97.5,13.1
IT,Italy,2030,30,215.8,28.5,383.2,96,12.8
IT,Italy,2031,30,214.1,28.4,380.9,95.9,12.5
IT,Italy,2032,29.9,212.60000000000002,28.2,378.5,95.7,12.2
IT,Italy,2033,29.8,210.9,28,376.1,95.6,11.9
IT,Italy,2034,29.7,209.29999999999998,27.9,373.8,95.4,11.5
IT,Italy,2035,29.6,207.59999999999997,27.7,371.4,95.3,11.2
LV,Latvia,1990,5.6,16.3,0.7,26.3,3,0.7
LV,Latvia,1991,5.2,15,0.6,24.4,2.8,0.7
LV,Latvia,1992,4.2,12,0.3,19.6,2.5,0.7
LV,Latvia,1993,3.1,10.100000000000001,0.1,16.2,2.3,0.6
LV,Latvia,1994,2.8,8.5,0.2,14.3,2.2,0.6
LV,Latvia,1995,2.6,7.4,0.2,12.9,2.1,0.6
LV,Latvia,1996,2.6,7.4,0.2,12.9,2.1,0.6
LV,Latvia,1997,2.5,6.9,0.2,12.4,2.1,0.6
LV,Latvia,1998,2.4,6.6,0.2,11.9,2,0.7
LV,Latvia,1999,2.2,5.9,0.3,11.1,2,0.7
LV,Latvia,2000,2.2,5.1,0.2,10.5,2.2,0.7
LV,Latvia,2001,2.4,5.1,0.3,11.1,2.6,0.7
LV,Latvia,2002,2.3,5,0.3,11,2.7,0.7
LV,Latvia,2003,2.4,5.1000000000000005,0.3,11.2,2.8,0.6
LV,Latvia,2004,2.3,4.9,0.3,11.2,3,0.6
LV,Latvia,2005,2.4,5,0.3,11.4,3.1,0.6
LV,Latvia,2006,2.4,5.1,0.4,11.9,3.4,0.6
LV,Latvia,2007,2.5,4.9,0.4,12.3,3.9,0.6
LV,Latvia,2008,2.4,4.7,0.4,11.9,3.7,0.6
LV,Latvia,2009,2.5,4.3999999999999995,0.4,11.2,3.2,0.6
LV,Latvia,2010,2.5,5.1000000000000005,0.7,12.3,3.3,0.7
LV,Latvia,2011,2.5,4.699999999999999,0.8,11.5,2.9,0.6
LV,Latvia,2012,2.6,4.5,0.9,11.3,2.8,0.6
LV,Latvia,2013,2.6,4.4,0.8,11.3,2.8,0.6
LV,Latvia,2014,2.7,4,0.8,11.2,3,0.6
LV,Latvia,2015,2.8,4,0.8,11.3,3.2,0.6
LV,Latvia,2016,2.8,4,0.7,11.3,3.2,0.6
LV,Latvia,2017,2.8,3.9000000000000004,0.7,11.3,3.3,0.6
LV,Latvia,2018,2.8,4.300000000000001,0.7,11.5,3.1,0.6
LV,Latvia,2019,2.8,4.4,0.8,11.6,3.1,0.5
LV,Latvia,2020,2.9,4.5,0.8,11.8,3.1,0.5
LV,Latvia,2021,2.9,4.4,0.8,11.7,3.1,0.5
LV,Latvia,2022,3,4.3,0.8,11.5,3,0.5
LV,Latvia,2023,3,4.2,0.8,11.4,3,0.5
LV,Latvia,2024,3,4.1,0.8,11.3,3,0.4
LV,Latvia,2025,3.1,4,0.8,11.2,3,0.4
LV,Latvia,2026,3.1,3.8,0.7,11,3,0.4
LV,Latvia,2027,3.1,3.8000000000000003,0.8,10.9,2.9,0.4
LV,Latvia,2028,3.1,3.6,0.8,10.7,2.9,0.4
LV,Latvia,2029,3.1,3.6000000000000005,0.8,10.6,2.8,0.3
LV,Latvia,2030,3.1,3.4000000000000004,0.8,10.4,2.8,0.3
LV,Latvia,2031,3.1,3.4,0.8,10.2,2.6,0.3
LV,Latvia,2032,3.1,3.3,0.8,9.9,2.5,0.3
LV,Latvia,2033,3.1,3.1,0.8,9.7,2.4,0.3
LV,Latvia,2034,3.1,3.0999999999999996,0.8,9.5,2.2,0.3
LV,Latvia,2035,3.1,2.9999999999999996,0.8,9.2,2.1,0.3
LV,Latvia,2036,3.1,3,0.8,9.2,2,0.3
LV,Latvia,2037,3.1,3,0.8,9.2,2,0.3
LV,Latvia,2038,3.1,3.1,0.8,9.1,1.9,0.3
LV,Latvia,2039,3.1,3.0000000000000004,0.8,9.1,1.9,0.3
LV,Latvia,2040,3.1,3.1000000000000005,0.8,9,1.8,0.2
LI,Liechtenstein,1990,0,0.1,0,0.2,0.1,0
LI,Liechtenstein,1991,0,0.1,0,0.2,0.1,0
LI,Liechtenstein,1992,0,0.1,0,0.2,0.1,0
LI,Liechtenstein,1993,0,0.1,0,0.2,0.1,0
LI,Liechtenstein,1994,0,0.1,0,0.2,0.1,0
LI,Liechtenstein,1995,0,0.1,0,0.2,0.1,0
LI,Liechtenstein,1996,0,0.1,0,0.2,0.1,0
LI,Liechtenstein,1997,0,0.1,0,0.2,0.1,0
LI,Liechtenstein,1998,0,0.1,0,0.3,0.1,0
LI,Liechtenstein,1999,0,0.1,0,0.3,0.1,0
LI,Liechtenstein,2000,0,0.1,0,0.2,0.1,0
LI,Liechtenstein,2001,0,0.1,0,0.2,0.1,0
LI,Liechtenstein,2002,0,0.1,0,0.3,0.1,0
LI,Liechtenstein,2003,0,0.1,0,0.3,0.1,0
LI,Liechtenstein,2004,0,0.1,0,0.3,0.1,0
LI,Liechtenstein,2005,0,0.1,0,0.3,0.1,0
LI,Liechtenstein,2006,0,0.1,0,0.3,0.1,0
LI,Liechtenstein,2007,0,0.1,0,0.2,0.1,0
LI,Liechtenstein,2008,0,0.1,0,0.3,0.1,0
LI,Liechtenstein,2009,0,0.1,0,0.2,0.1,0
LI,Liechtenstein,2010,0,0.1,0,0.2,0.1,0
LI,Liechtenstein,2011,0,0.1,0,0.2,0.1,0
LI,Liechtenstein,2012,0,0.1,0,0.2,0.1,0
LI,Liechtenstein,2013,0,0.1,0,0.2,0.1,0
LI,Liechtenstein,2014,0,0.1,0,0.2,0.1,0
LI,Liechtenstein,2015,0,0.1,0,0.2,0.1,0
LI,Liechtenstein,2016,0,0.1,0,0.2,0.1,0
LI,Liechtenstein,2017,0,0.1,0,0.2,0.1,0
LT,Lithuania,1990,9,27.3,4.5,48.2,5.8,1.6
LT,Lithuania,1991,8.9,28.800000000000004,4.5,50.2,6.4,1.6
LT,Lithuania,1992,6.8,15.7,2.7,30.9,4.2,1.6
LT,Lithuania,1993,5.5,12.8,1.7,24.8,3.2,1.6
LT,Lithuania,1994,4.8,12.5,1.9,23.4,2.6,1.5
LT,Lithuania,1995,4.5,11,2.2,22.3,3.1,1.6
LT,Lithuania,1996,4.7,11.1,2.6,23.4,3.4,1.6
LT,Lithuania,1997,4.7,10.3,2.6,22.9,3.8,1.6
LT,Lithuania,1998,4.6,10.7,3,23.8,4,1.6
LT,Lithuania,1999,4.2,8.8,2.9,21.1,3.6,1.5
LT,Lithuania,2000,4.1,7.6000000000000005,3.1,19.5,3.2,1.5
LT,Lithuania,2001,3.9,8,3.3,20.3,3.4,1.6
LT,Lithuania,2002,4.1,7.9,3.5,20.6,3.6,1.6
LT,Lithuania,2003,4.1,7.9,3.6,20.8,3.6,1.6
LT,Lithuania,2004,4.2,8.2,3.8,21.6,4,1.5
LT,Lithuania,2005,4.2,8.8,4.1,22.8,4.2,1.5
LT,Lithuania,2006,4.2,8.6,4.4,23.1,4.5,1.5
LT,Lithuania,2007,4.3,8.2,6.1,25.3,5.2,1.4
LT,Lithuania,2008,4.2,7.999999999999999,5.5,24.3,5.2,1.4
LT,Lithuania,2009,4.3,7.6000000000000005,2.3,19.9,4.3,1.4
LT,Lithuania,2010,4.3,8.5,2.2,20.7,4.4,1.3
LT,Lithuania,2011,4.3,7.6,3.7,21.3,4.4,1.2
LT,Lithuania,2012,4.4,7.699999999999999,3.6,21.2,4.4,1.2
LT,Lithuania,2013,4.4,7,3,19.9,4.4,1.2
LT,Lithuania,2014,4.6,6.199999999999999,3.2,19.9,4.9,1.1
LT,Lithuania,2015,4.6,6,3.5,20.2,5.1,1
LT,Lithuania,2016,4.5,5.800000000000001,3.3,20.2,5.5,1
LT,Lithuania,2017,4.4,5.500000000000001,3.6,20.4,5.8,1
LT,Lithuania,2018,4.3,5.5,3.1,19.3,5.5,0.9
LT,Lithuania,2019,4.3,5.6,4,20.2,5.5,0.9
LT,Lithuania,2020,4.4,5.700000000000001,4,20.5,5.6,0.8
LT,Lithuania,2021,4.4,5.6000000000000005,4,20.5,5.7,0.8
LT,Lithuania,2022,4.3,5.7,4,20.5,5.8,0.8
LT,Lithuania,2023,4.3,5.6,3.9,20.5,5.9,0.7
LT,Lithuania,2024,4.3,5.6,3.9,20.4,5.9,0.7
LT,Lithuania,2025,4.3,5.5,3.9,20.4,6,0.7
LT,Lithuania,2026,4.3,5.6,3.9,20.4,6,0.6
LT,Lithuania,2027,4.3,5.5,3.8,20.4,6.1,0.6
LT,Lithuania,2028,4.3,5.499999999999999,3.8,20.4,6.2,0.6
LT,Lithuania,2029,4.2,5.6000000000000005,3.8,20.4,6.2,0.6
LT,Lithuania,2030,4.2,5.6000000000000005,3.8,20.4,6.3,0.5
LT,Lithuania,2031,4.2,5.6,3.7,20.4,6.4,0.5
LT,Lithuania,2032,4.2,5.6,3.7,20.5,6.5,0.5
LT,Lithuania,2033,4.3,5.700000000000001,3.7,20.7,6.6,0.5
LT,Lithuania,2034,4.3,5.800000000000001,3.6,20.8,6.6,0.5
LT,Lithuania,2035,4.3,5.8999999999999995,3.6,20.9,6.7,0.4
LT,Lithuania,2036,4.3,5.8,3.6,20.9,6.8,0.4
LT,Lithuania,2037,4.3,5.8999999999999995,3.6,21,6.8,0.4
LT,Lithuania,2038,4.3,6.000000000000001,3.6,21.1,6.8,0.4
LT,Lithuania,2039,4.3,6.1000000000000005,3.6,21.1,6.8,0.4
LT,Lithuania,2040,4.3,6.2,3.6,21.2,6.8,0.3
LU,Luxembourg,1990,0.7,7.700000000000001,1.6,12.8,2.6,0.1
LU,Luxembourg,1991,0.7,7.8,1.6,13.4,3.2,0.1
LU,Luxembourg,1992,0.7,7.300000000000001,1.5,13.1,3.5,0.1
LU,Luxembourg,1993,0.7,7.5,1.5,13.3,3.5,0.1
LU,Luxembourg,1994,0.7,6.700000000000001,1.4,12.5,3.6,0.1
LU,Luxembourg,1995,0.7,4.9,1,10.1,3.4,0.1
LU,Luxembourg,1996,0.7,4.9,1,10.2,3.5,0.1
LU,Luxembourg,1997,0.7,4.1,0.9,9.5,3.7,0.1
LU,Luxembourg,1998,0.7,3.1999999999999997,0.7,8.6,3.9,0.1
LU,Luxembourg,1999,0.7,3.3,0.8,9.1,4.2,0.1
LU,Luxembourg,2000,0.7,3.1999999999999993,0.8,9.7,4.9,0.1
LU,Luxembourg,2001,0.7,3.5,0.7,10.2,5.1,0.1
LU,Luxembourg,2002,0.7,4.1000000000000005,0.8,10.9,5.3,0.1
LU,Luxembourg,2003,0.6,4,0.7,11.4,5.9,0.1
LU,Luxembourg,2004,0.7,4.500000000000001,0.8,12.8,6.8,0.1
LU,Luxembourg,2005,0.6,4.3999999999999995,0.7,13,7.2,0.1
LU,Luxembourg,2006,0.6,4.4,0.8,12.9,6.9,0.1
LU,Luxembourg,2007,0.6,4.1,0.8,12.3,6.6,0.1
LU,Luxembourg,2008,0.7,3.999999999999999,0.7,12.2,6.7,0.1
LU,Luxembourg,2009,0.7,3.999999999999999,0.7,11.6,6.2,0.1
LU,Luxembourg,2010,0.7,4.199999999999999,0.7,12.2,6.5,0.1
LU,Luxembourg,2011,0.7,3.6999999999999993,0.7,12.1,6.9,0.1
LU,Luxembourg,2012,0.6,3.8000000000000007,0.6,11.8,6.6,0.1
LU,Luxembourg,2013,0.7,3.5,0.6,11.2,6.4,0.1
LU,Luxembourg,2014,0.7,3.3000000000000007,0.6,10.8,6.1,0.1
LU,Luxembourg,2015,0.7,3.2,0.6,10.3,5.7,0.1
LU,Luxembourg,2016,0.7,3.0999999999999996,0.7,10.1,5.5,0.1
LU,Luxembourg,2017,0.7,3.200000000000001,0.7,10.2,5.6,0.1
LU,Luxembourg,2018,0.7,3.200000000000001,0.6,10.2,5.6,0.1
LU,Luxembourg,2019,0.7,3.0999999999999996,0.6,10.2,5.6,0.1
LU,Luxembourg,2020,0.7,3.0999999999999996,0.6,10.1,5.6,0.1
LU,Luxembourg,2021,0.7,3.0999999999999996,0.6,10.1,5.6,0.1
LU,Luxembourg,2022,0.7,3.0999999999999996,0.6,10,5.6,0.1
LU,Luxembourg,2023,0.7,3.0999999999999996,0.6,10,5.6,0.1
LU,Luxembourg,2024,0.7,3,0.6,10,5.6,0.1
LU,Luxembourg,2025,0.7,3.0999999999999996,0.5,9.9,5.5,0.1
LU,Luxembourg,2026,0.7,3.0999999999999996,0.5,10,5.6,0.1
LU,Luxembourg,2027,0.7,2.999999999999999,0.5,10,5.7,0.1
LU,Luxembourg,2028,0.7,3.1000000000000005,0.5,10,5.7,0.1
LU,Luxembourg,2029,0.7,3.000000000000001,0.5,10.1,5.8,0.1
LU,Luxembourg,2030,0.7,3.1000000000000005,0.5,10.1,5.8,0.1
LU,Luxembourg,2031,0.7,3,0.5,10.1,5.9,0.1
LU,Luxembourg,2032,0.7,2.9000000000000004,0.4,10.1,6,0.1
LU,Luxembourg,2033,0.7,3,0.4,10.2,6,0.1
LU,Luxembourg,2034,0.7,2.9000000000000004,0.4,10.2,6.1,0.1
LU,Luxembourg,2035,0.7,2.8999999999999995,0.4,10.3,6.2,0.1
LU,Luxembourg,2036,0.7,2.8999999999999995,0.4,10.3,6.2,0.1
LU,Luxembourg,2037,0.7,2.999999999999999,0.4,10.3,6.2,0.1
LU,Luxembourg,2038,0.7,2.8999999999999995,0.4,10.4,6.3,0.1
LU,Luxembourg,2039,0.7,3.000000000000001,0.4,10.4,6.3,0.1
LU,Luxembourg,2040,0.7,2.9000000000000004,0.4,10.4,6.4,0.1
MT,Malta,1990,0.1,1.7,0,2.1,0.3,0.1
MT,Malta,1991,0.1,1.7000000000000002,0,2.3,0.4,0.1
MT,Malta,1992,0.1,1.9,0,2.5,0.4,0.1
MT,Malta,1993,0.1,1.9,0,2.5,0.4,0.1
MT,Malta,1994,0.1,2.1,0,2.7,0.4,0.1
MT,Malta,1995,0.1,2.1,0,2.7,0.4,0.1
MT,Malta,1996,0.1,1.9,0,2.6,0.5,0.1
MT,Malta,1997,0.1,2,0,2.7,0.5,0.1
MT,Malta,1998,0.1,2,0,2.7,0.5,0.1
MT,Malta,1999,0.1,2,0,2.8,0.5,0.1
MT,Malta,2000,0.1,2,0,2.8,0.5,0.1
MT,Malta,2001,0.1,2,0,2.7,0.4,0.1
MT,Malta,2002,0.1,1.9,0,2.7,0.5,0.2
MT,Malta,2003,0.1,2.1,0,2.9,0.5,0.2
MT,Malta,2004,0.1,2,0,2.8,0.5,0.2
MT,Malta,2005,0.1,2.1,0,2.9,0.5,0.2
MT,Malta,2006,0.1,2.1,0.1,3,0.5,0.2
MT,Malta,2007,0.1,2.2,0.1,3.1,0.5,0.2
MT,Malta,2008,0.1,2.3,0.1,3.1,0.5,0.1
MT,Malta,2009,0.1,2,0.1,2.9,0.5,0.1
MT,Malta,2010,0.1,2,0.2,2.9,0.5,0.1
MT,Malta,2011,0.1,2.1,0.2,3,0.5,0.1
MT,Malta,2012,0.1,2.3,0.2,3.2,0.5,0.1
MT,Malta,2013,0.1,1.7999999999999998,0.2,2.9,0.6,0.1
MT,Malta,2014,0.1,1.7999999999999998,0.2,2.9,0.6,0.1
MT,Malta,2015,0.1,1.1,0.3,2.2,0.6,0.1
MT,Malta,2016,0.1,0.7999999999999999,0.3,1.9,0.6,0.1
MT,Malta,2017,0.1,1,0.3,2.2,0.6,0.2
MT,Malta,2018,0.1,1.1,0.2,2.2,0.6,0.2
MT,Malta,2019,0.1,1.2000000000000002,0.2,2.4,0.6,0.2
MT,Malta,2020,0.1,1.2,0.2,2.4,0.7,0.3
MT,Malta,2021,0.1,1.2,0.2,2.5,0.7,0.3
MT,Malta,2022,0.1,1.2,0.3,2.5,0.7,0.3
MT,Malta,2023,0.1,1.2,0.3,2.5,0.7,0.3
MT,Malta,2024,0.1,1.3,0.3,2.5,0.7,0.3
MT,Malta,2025,0.1,1.3,0.3,2.6,0.7,0.3
MT,Malta,2026,0.1,1.3,0.3,2.6,0.7,0.3
MT,Malta,2027,0.1,1.4,0.3,2.6,0.6,0.3
MT,Malta,2028,0.1,1.4,0.3,2.6,0.6,0.3
MT,Malta,2029,0.1,1.4,0.3,2.6,0.6,0.3
MT,Malta,2030,0.1,1.4,0.3,2.7,0.6,0.3
MT,Malta,2031,0.1,1.4,0.3,2.7,0.6,0.3
MT,Malta,2032,0.1,1.4,0.3,2.7,0.6,0.2
MT,Malta,2033,0.1,1.4,0.3,2.7,0.6,0.2
MT,Malta,2034,0.1,1.5,0.3,2.7,0.6,0.2
MT,Malta,2035,0.1,1.5,0.4,2.7,0.6,0.2
MT,Malta,2036,0.1,1.5,0.4,2.7,0.6,0.2
MT,Malta,2037,0.1,1.5,0.4,2.7,0.6,0.2
MT,Malta,2038,0.1,1.5,0.4,2.7,0.6,0.2
MT,Malta,2039,0.1,1.6,0.4,2.8,0.5,0.2
MT,Malta,2040,0.1,1.6,0.4,2.8,0.5,0.2
NL,Netherlands,1990,25.1,130.6,22.9,220.8,28,14.2
NL,Netherlands,1991,25.4,138.5,21.7,228.4,28.5,14.3
NL,Netherlands,1992,25.4,136.9,22.8,229.2,30,14.1
NL,Netherlands,1993,25,136.39999999999998,24,229.9,30.8,13.7
NL,Netherlands,1994,24.1,137.4,25.9,230.8,30.2,13.2
NL,Netherlands,1995,24.2,138.70000000000002,25,231,30.6,12.6
NL,Netherlands,1996,23.8,147.29999999999998,26.9,242.1,31.9,12.2
NL,Netherlands,1997,23,139.29999999999998,27.9,233.9,31.8,11.8
NL,Netherlands,1998,22.3,139.4,28.9,234.4,32.5,11.3
NL,Netherlands,1999,21.8,133.3,22.6,221.1,33,10.4
NL,Netherlands,2000,20.7,134.1,21.7,219.3,33,9.8
NL,Netherlands,2001,20.2,139.5,17.7,220,33.3,9.3
NL,Netherlands,2002,19.1,138.1,17.8,217.9,34.1,8.8
NL,Netherlands,2003,18.7,141.1,15.9,218.6,34.6,8.2
NL,Netherlands,2004,18.6,141.7,16.6,220,35.2,7.9
NL,Netherlands,2005,18.4,137.6,16.5,214.3,35.4,6.4
NL,Netherlands,2006,18.4,132.10000000000002,16.5,209.2,36.3,5.9
NL,Netherlands,2007,18.1,133.39999999999998,15.3,207.7,35.3,5.5
NL,Netherlands,2008,18.1,136.7,11.6,207.1,35.5,5.2
NL,Netherlands,2009,18,133.29999999999998,11.3,201.4,33.9,4.9
NL,Netherlands,2010,18,144.10000000000002,11.9,213.4,34.8,4.6
NL,Netherlands,2011,17.7,130.9,11.8,199.2,34.6,4.3
NL,Netherlands,2012,17.4,129.4,11.4,195.3,33,4.1
NL,Netherlands,2013,17.9,129.8,11,195,32.3,3.9
NL,Netherlands,2014,18,125,10.5,187.3,30.1,3.7
NL,Netherlands,2015,18.7,132.1,10.9,195.6,30.4,3.4
NL,Netherlands,2016,18.9,132.1,10.7,195.4,30.5,3.3
NL,Netherlands,2017,18.9,129,11.1,193.3,31.2,3.1
NL,Netherlands,2018,19,116.49999999999999,11.3,179.8,30.2,2.9
NL,Netherlands,2019,18.9,112.1,11.1,174.8,29.9,2.7
NL,Netherlands,2020,18.8,107.80000000000001,11,169.7,29.5,2.5
NL,Netherlands,2021,18.8,107.5,11,169.3,29.6,2.4
NL,Netherlands,2022,18.8,107.30000000000001,11,169,29.6,2.3
NL,Netherlands,2023,18.8,107.1,11,168.7,29.6,2.2
NL,Netherlands,2024,18.7,106.80000000000001,11,168.3,29.6,2.1
NL,Netherlands,2025,18.7,106.49999999999999,11,168,29.7,2
NL,Netherlands,2026,18.7,104.70000000000002,11,166,29.6,1.9
NL,Netherlands,2027,18.7,102.80000000000001,11,163.9,29.5,1.8
NL,Netherlands,2028,18.7,101.10000000000001,11,161.9,29.3,1.7
NL,Netherlands,2029,18.7,99.3,11,159.9,29.2,1.7
NL,Netherlands,2030,18.7,97.4,11,157.9,29.1,1.6
NL,Netherlands,2031,18.7,95.89999999999999,11.1,156.5,29.2,1.5
NL,Netherlands,2032,18.7,94.4,11.2,155.1,29.3,1.5
NL,Netherlands,2033,18.7,92.8,11.3,153.7,29.5,1.4
NL,Netherlands,2034,18.7,91.30000000000001,11.4,152.4,29.6,1.3
NL,Netherlands,2035,18.7,89.8,11.5,151,29.7,1.3
NO,Norway,1990,4.7,19.8,14.5,51.2,10,2.2
NO,Norway,1991,4.6,19.099999999999998,13.2,49,9.8,2.2
NO,Norway,1992,4.6,19.9,10.6,47.3,10,2.2
NO,Norway,1993,4.6,20.7,11.4,49.2,10.3,2.2
NO,Norway,1994,4.6,22.3,11.7,51,10.2,2.2
NO,Norway,1995,4.6,22.1,11.6,51.3,10.9,2.1
NO,Norway,1996,4.7,24.700000000000003,11.4,54.3,11.5,2.1
NO,Norway,1997,4.6,24.3,11.5,54.2,11.8,2
NO,Norway,1998,4.6,24.000000000000004,11.7,54.4,12.2,1.9
NO,Norway,1999,4.6,24.1,12,55.4,12.9,1.8
NO,Norway,2000,4.5,24.299999999999997,12.1,54.8,12.1,1.8
NO,Norway,2001,4.4,25.9,11.6,56.1,12.4,1.8
NO,Norway,2002,4.4,25.599999999999998,11,55,12.3,1.7
NO,Norway,2003,4.5,26.499999999999996,10.2,55.7,12.8,1.7
NO,Norway,2004,4.4,26.1,11,56.2,13,1.7
NO,Norway,2005,4.5,25.400000000000002,10.6,55.4,13.3,1.6
NO,Norway,2006,4.4,25.8,9.7,55.3,13.8,1.6
NO,Norway,2007,4.4,27.1,9.9,57,14.1,1.6
NO,Norway,2008,4.3,26.1,9.7,55.6,13.9,1.5
NO,Norway,2009,4.3,26.2,7.4,53.2,13.7,1.5
NO,Norway,2010,4.2,27.2,8.2,55.5,14.3,1.5
NO,Norway,2011,4.2,26.1,8.2,54.6,14.6,1.5
NO,Norway,2012,4.2,25.400000000000002,8.2,54.1,14.8,1.5
NO,Norway,2013,4.3,25.3,8.3,54,14.7,1.4
NO,Norway,2014,4.4,25.3,8.4,54.1,14.7,1.4
NO,Norway,2015,4.4,25.900000000000002,8.5,54.5,14.3,1.3
NO,Norway,2016,4.5,25.599999999999998,8.6,53.6,13.7,1.3
NO,Norway,2017,4.5,25.9,8.6,52.7,12.5,1.2
NO,Norway,2018,4.5,25.4,8.5,52.2,12.6,1.2
NO,Norway,2019,4.5,25.4,8.4,51.5,12,1.1
NO,Norway,2020,4.6,25.4,8.3,50.8,11.4,1.1
NO,Norway,2021,4.6,25.2,8.3,50.2,11.2,1
NO,Norway,2022,4.6,24.9,8.2,49.7,11,1
NO,Norway,2023,4.6,24.7,8.2,49.1,10.7,1
NO,Norway,2024,4.6,24.4,8.1,48.6,10.5,0.9
NO,Norway,2025,4.6,24.2,8.1,48,10.3,0.9
NO,Norway,2026,4.6,24,8,47.5,10,0.9
NO,Norway,2027,4.6,23.7,8,46.9,9.8,0.8
NO,Norway,2028,4.6,23.4,7.9,46.4,9.6,0.8
NO,Norway,2029,4.6,23.3,7.8,45.8,9.3,0.8
NO,Norway,2030,4.6,23,7.8,45.3,9.1,0.8
NO,Norway,2031,4.7,22.700000000000003,7.7,44.7,8.9,0.7
NO,Norway,2032,4.7,22.5,7.7,44.2,8.6,0.7
NO,Norway,2033,4.7,22.299999999999997,7.6,43.6,8.4,0.7
NO,Norway,2034,4.7,22,7.6,43.1,8.2,0.6
NO,Norway,2035,4.7,21.799999999999997,7.5,42.5,7.9,0.6
PL,Poland,1990,47.2,361.90000000000003,22.7,474.4,20.9,21.6
PL,Poland,1991,40.2,358.9,20.1,462.3,22,21.1
PL,Poland,1992,36.6,349.8,19.7,449.3,22.4,20.8
PL,Poland,1993,35.3,351.90000000000003,19.3,448.8,21.9,20.4
PL,Poland,1994,34.9,344.5,21.3,443.6,23,20
PL,Poland,1995,34.8,344,22.7,445,23.8,19.6
PL,Poland,1996,34,356.1,22,458.4,26.9,19.3
PL,Poland,1997,34.6,344.5,23,449.5,28.5,18.9
PL,Poland,1998,34.4,313.6,21.4,418,29.9,18.7
PL,Poland,1999,32.6,302.29999999999995,20.6,406.6,32.6,18.4
PL,Poland,2000,31,293.5,23.8,395.5,28.7,18.5
PL,Poland,2001,30.7,294.8,22.5,394.4,28.4,18.1
PL,Poland,2002,30,288.40000000000003,20.8,384.4,27.4,17.8
PL,Poland,2003,29.4,297.3,23.7,398,29.9,17.7
PL,Poland,2004,29.4,297.09999999999997,25.5,403,33.8,17.2
PL,Poland,2005,29.7,294.9,25.5,403.4,36.3,17.1
PL,Poland,2006,30.3,302.9,28,418.1,40.1,16.8
PL,Poland,2007,31,296.3,30.6,418.6,44.2,16.6
PL,Poland,2008,31,288.7,29.1,411.4,46.2,16.4
PL,Poland,2009,30.3,276.90000000000003,23.1,393.4,46.9,16.3
PL,Poland,2010,29.7,291.5,25,411.7,49.4,16
PL,Poland,2011,30.1,287.6,27.9,411,50,15.5
PL,Poland,2012,30,283.7,26.8,403.6,48,15.2
PL,Poland,2013,30.6,282.8,26.5,400,45.2,15
PL,Poland,2014,30.5,268.6,28.1,387.1,45.5,14.4
PL,Poland,2015,29.6,270.4,28.5,390.4,48,13.9
PL,Poland,2016,30.3,274.2,26.4,399.1,54.8,13.5
PL,Poland,2017,31.7,278.70000000000005,27,413.8,63.4,13
PL,Poland,2018,30.5,266.6,28.9,393.7,55.9,11.8
PL,Poland,2019,30.8,265.6,29,396.3,59,11.8
PL,Poland,2020,31,264.59999999999997,29.2,398.9,62.1,11.9
PL,Poland,2021,31.2,265.2,29.5,400.6,62.7,11.9
PL,Poland,2022,31.4,265.70000000000005,29.9,402.3,63.4,11.9
PL,Poland,2023,31.6,266.20000000000005,30.2,404.1,64.1,11.9
PL,Poland,2024,31.8,266.8,30.5,405.8,64.7,11.9
PL,Poland,2025,32,267.29999999999995,30.9,407.6,65.4,11.9
PL,Poland,2026,32.1,267.09999999999997,31.1,408,65.8,11.9
PL,Poland,2027,32.1,267.1,31.3,408.5,66.1,11.9
PL,Poland,2028,32.2,266.9,31.5,409,66.5,11.9
PL,Poland,2029,32.3,266.8,31.7,409.4,66.8,11.8
PL,Poland,2030,32.3,266.6,31.9,409.9,67.2,11.8
PL,Poland,2031,32.3,260,32,403.1,67,11.8
PL,Poland,2032,32.2,253.20000000000002,32.2,396.3,66.9,11.8
PL,Poland,2033,32.2,246.60000000000002,32.3,389.5,66.7,11.7
PL,Poland,2034,32.2,239.79999999999998,32.4,382.7,66.6,11.7
PL,Poland,2035,32.1,233.1,32.6,375.9,66.4,11.7
PL,Poland,2036,32.1,226,32.7,368.7,66.2,11.7
PL,Poland,2037,32.1,218.8,32.9,361.5,66,11.7
PL,Poland,2038,32.2,211.7,33,354.3,65.8,11.6
PL,Poland,2039,32.2,204.6,33.2,347.1,65.6,11.6
PL,Poland,2040,32.2,197.5,33.4,339.9,65.3,11.6
PT,Portugal,1990,7.2,31.3,5.9,59.1,10.2,4.6
PT,Portugal,1991,7.2,32.2,5.9,60.8,10.9,4.7
PT,Portugal,1992,7.1,35.900000000000006,5.6,65.1,11.8,4.8
PT,Portugal,1993,7,34.099999999999994,5.4,63.7,12.2,4.9
PT,Portugal,1994,7,34,5.5,64.5,12.9,5.1
PT,Portugal,1995,7.1,36.9,6.2,68.9,13.5,5.2
PT,Portugal,1996,7.3,33.5,6.3,66.7,14.2,5.4
PT,Portugal,1997,7.3,35.199999999999996,6.8,69.9,15.1,5.6
PT,Portugal,1998,7.2,37.9,7,74.7,16.9,5.7
PT,Portugal,1999,7.4,44.400000000000006,7.4,82.8,17.7,5.9
PT,Portugal,2000,7.5,41.3,7.7,82.1,19.5,6.1
PT,Portugal,2001,7.3,41.099999999999994,7.2,81.7,19.8,6.3
PT,Portugal,2002,7.2,44.2,7.6,85.6,20.2,6.4
PT,Portugal,2003,6.7,39.199999999999996,7.7,80.3,20.1,6.6
PT,Portugal,2004,6.8,41.5,8.4,83.3,20.1,6.6
PT,Portugal,2005,6.8,44.2,8.4,85.6,19.8,6.5
PT,Portugal,2006,6.7,39.7,8.2,80.9,19.9,6.4
PT,Portugal,2007,6.8,36.9,9.1,78.6,19.5,6.2
PT,Portugal,2008,6.8,35.3,8.9,76.2,19.2,6
PT,Portugal,2009,6.7,34,7.2,73,19.2,5.9
PT,Portugal,2010,6.6,29.9,7.6,68.8,18.9,5.8
PT,Portugal,2011,6.6,30.5,7,67.4,17.6,5.7
PT,Portugal,2012,6.6,30.400000000000002,6.8,65.6,16.2,5.5
PT,Portugal,2013,6.6,28.599999999999998,7.3,63.7,15.8,5.4
PT,Portugal,2014,6.8,27.8,7.8,63.7,16.2,5.2
PT,Portugal,2015,6.8,31.900000000000002,7.9,67.7,16.3,4.9
PT,Portugal,2016,6.8,30.3,7.3,65.9,16.8,4.7
PT,Portugal,2017,6.9,34.1,7.8,70.5,17.1,4.7
PT,Portugal,2018,6.8,29.999999999999996,7.4,65.7,16.3,5.3
PT,Portugal,2019,6.8,29.3,7.2,64.4,16.3,4.8
PT,Portugal,2020,6.8,28.599999999999998,7,63.2,16.3,4.4
PT,Portugal,2021,6.7,27.7,6.8,61.8,16.3,4.3
PT,Portugal,2022,6.6,26.800000000000004,6.6,60.5,16.4,4.2
PT,Portugal,2023,6.4,25.799999999999997,6.4,59.2,16.5,4.1
PT,Portugal,2024,6.3,24.799999999999997,6.1,57.9,16.6,4
PT,Portugal,2025,6.2,23.900000000000002,5.9,56.6,16.7,3.8
PT,Portugal,2026,6.1,22.5,5.8,53.7,15.6,3.7
PT,Portugal,2027,6,21.200000000000003,5.6,50.9,14.5,3.6
PT,Portugal,2028,5.9,19.800000000000004,5.5,48.1,13.4,3.5
PT,Portugal,2029,5.8,18.5,5.3,45.3,12.3,3.4
PT,Portugal,2030,5.6,17.1,5.2,42.4,11.2,3.3
PT,Portugal,2031,5.7,16.5,5.1,41.4,11,3.2
PT,Portugal,2032,5.7,15.8,5,40.4,10.8,3.1
PT,Portugal,2033,5.7,15.100000000000001,4.9,39.4,10.7,3
PT,Portugal,2034,5.7,14.5,4.8,38.4,10.5,2.9
PT,Portugal,2035,5.7,13.899999999999999,4.7,37.3,10.3,2.8
PT,Portugal,2036,5.7,13.700000000000001,4.6,36.4,9.6,2.7
PT,Portugal,2037,5.7,13.5,4.6,35.4,9,2.6
PT,Portugal,2038,5.7,13.3,4.6,34.5,8.3,2.5
PT,Portugal,2039,5.7,13.200000000000001,4.5,33.5,7.6,2.4
PT,Portugal,2040,5.8,12.999999999999998,4.5,32.5,6.9,2.4
RO,Romania,1990,35.7,163.29999999999998,31.7,248.1,12.4,5
RO,Romania,1991,28.5,137.9,23,205,10.6,4.9
RO,Romania,1992,25.4,129.9,19.9,191,10.9,4.9
RO,Romania,1993,25.5,122.60000000000001,20.5,182.1,8.7,4.9
RO,Romania,1994,24.2,121.2,20.5,180.2,9.3,4.9
RO,Romania,1995,24.2,125.5,23.7,187.2,8.6,5.2
RO,Romania,1996,23.4,125.9,23.1,189.6,12,5.2
RO,Romania,1997,21.9,125.3,21.4,186,12.2,5.3
RO,Romania,1998,21,108.9,20.2,166.8,11.5,5.3
RO,Romania,1999,19.7,95.60000000000001,17.6,147.9,9.6,5.3
RO,Romania,2000,19,90,18.9,143.1,9.9,5.3
RO,Romania,2001,19.2,91.5,18.3,146.2,11.9,5.3
RO,Romania,2002,19.5,92.60000000000001,19.2,148.9,12.3,5.3
RO,Romania,2003,20,95.2,19.9,153.7,13,5.6
RO,Romania,2004,20.9,90.30000000000001,22.1,152.5,13.6,5.7
RO,Romania,2005,21.1,89.9,22,151.4,12.6,5.7
RO,Romania,2006,21.2,90.80000000000001,21.5,152.1,13.1,5.5
RO,Romania,2007,21.3,90.8,21.7,153.1,13.7,5.6
RO,Romania,2008,20.9,89.3,18.4,149.6,15.4,5.5
RO,Romania,2009,20.3,76.39999999999999,12.3,129.6,15.2,5.5
RO,Romania,2010,18.1,71.89999999999999,14.1,123.9,14.2,5.6
RO,Romania,2011,18.4,76.6,14.8,129.2,14.4,5
RO,Romania,2012,18.2,73.39999999999999,13.5,125.9,15.2,5.6
RO,Romania,2013,18.8,64.80000000000001,11.7,116.3,15.1,5.9
RO,Romania,2014,18.9,63.6,12.4,116.3,15.6,5.9
RO,Romania,2015,19.2,63.099999999999994,12.6,116.5,15.7,5.9
RO,Romania,2016,19.2,59.60000000000001,12.8,114.3,16.8,5.9
RO,Romania,2017,19.3,57.5,13.1,113.8,18,5.9
RO,Romania,2018,19,63.800000000000004,12.3,117.4,16.9,5.4
RO,Romania,2019,19.1,63.5,12.5,117.8,17.3,5.3
RO,Romania,2020,19.2,63.2,12.7,118.2,17.8,5.2
RO,Romania,2021,19.5,62.699999999999996,13,118.4,18.1,5.1
RO,Romania,2022,19.8,62.199999999999996,13.2,118.4,18.4,4.9
RO,Romania,2023,20,61.599999999999994,13.4,118.6,18.7,4.8
RO,Romania,2024,20.3,61.099999999999994,13.7,118.8,19,4.7
RO,Romania,2025,20.6,60.60000000000001,13.9,119,19.3,4.6
RO,Romania,2026,20.8,61.5,14.1,120.5,19.5,4.6
RO,Romania,2027,21.1,62.3,14.3,122,19.7,4.5
RO,Romania,2028,21.4,63.199999999999996,14.5,123.4,19.9,4.4
RO,Romania,2029,21.7,64.1,14.6,124.9,20.1,4.4
RO,Romania,2030,21.9,65,14.8,126.3,20.3,4.3
RO,Romania,2031,22.2,65.4,14.9,127.2,20.4,4.3
RO,Romania,2032,22.5,65.8,15.1,128.1,20.5,4.2
RO,Romania,2033,22.8,66.1,15.2,129,20.7,4.2
RO,Romania,2034,23.1,66.60000000000001,15.4,129.9,20.8,4.1
RO,Romania,2035,23.4,67,15.6,130.9,20.9,4.1
SK,Slovakia,1990,5.9,49.5,9.8,73.4,6.8,1.4
SK,Slovakia,1991,5.1,44.1,7.6,64,5.8,1.4
SK,Slovakia,1992,4.2,40.5,7.2,58.5,5.2,1.4
SK,Slovakia,1993,3.6,36.8,8.2,55,5,1.4
SK,Slovakia,1994,3.4,34.6,8.4,52.6,4.8,1.4
SK,Slovakia,1995,3.5,33.5,9.4,53.2,5.5,1.4
SK,Slovakia,1996,3.4,33,9.7,53.2,5.7,1.4
SK,Slovakia,1997,3.4,32.7,9.7,53,5.8,1.4
SK,Slovakia,1998,3.1,31.9,9.9,52.4,6.1,1.4
SK,Slovakia,1999,2.9,31.4,9.5,51.1,6,1.4
SK,Slovakia,2000,2.7,30.7,8.6,49.2,5.7,1.4
SK,Slovakia,2001,2.9,32.3,8.8,51.5,6.1,1.4
SK,Slovakia,2002,2.9,29.8,9.8,50.1,6.2,1.4
SK,Slovakia,2003,2.7,30.799999999999997,9.4,50.4,6.1,1.4
SK,Slovakia,2004,2.5,29.599999999999998,10.7,51.1,6.8,1.5
SK,Slovakia,2005,2.5,29.3,10.2,51.1,7.7,1.5
SK,Slovakia,2006,2.4,29.2,11,51,6.8,1.5
SK,Slovakia,2007,2.5,26.9,10.9,49.2,7.5,1.5
SK,Slovakia,2008,2.4,27.1,10.8,49.7,7.9,1.5
SK,Slovakia,2009,2.3,25.4,9.2,45.4,7,1.5
SK,Slovakia,2010,2.3,25.4,9.5,46.3,7.5,1.6
SK,Slovakia,2011,2.4,25.4,9.1,45.5,7.1,1.6
SK,Slovakia,2012,2.5,22.9,9,43.1,7,1.6
SK,Slovakia,2013,2.5,23,8.7,42.7,6.8,1.6
SK,Slovakia,2014,2.7,20.799999999999997,9,40.7,6.6,1.6
SK,Slovakia,2015,2.5,20.9,9.2,41.6,7.3,1.7
SK,Slovakia,2016,2.6,21,9.4,42.2,7.5,1.7
SK,Slovakia,2017,2.5,21.7,9.6,43.3,7.7,1.7
SK,Slovakia,2018,2.4,21.6,9.6,42.9,7.7,1.6
SK,Slovakia,2019,2.4,21.400000000000002,9.5,42.6,7.7,1.6
SK,Slovakia,2020,2.4,21.2,9.4,42.4,7.8,1.6
SK,Slovakia,2021,2.4,21.1,9.3,42.3,7.9,1.5
SK,Slovakia,2022,2.4,21,9.3,42.2,8.1,1.5
SK,Slovakia,2023,2.4,20.900000000000002,9.2,42.1,8.2,1.4
SK,Slovakia,2024,2.4,20.799999999999997,9.1,42.1,8.4,1.4
SK,Slovakia,2025,2.4,20.8,9.1,42,8.5,1.3
SK,Slovakia,2026,2.4,20.799999999999997,8.8,41.8,8.6,1.2
SK,Slovakia,2027,2.4,20.9,8.6,41.6,8.6,1.2
SK,Slovakia,2028,2.4,20.900000000000002,8.4,41.5,8.7,1.1
SK,Slovakia,2029,2.4,21,8.2,41.5,8.7,1
SK,Slovakia,2030,2.4,21.099999999999998,8.1,41.4,8.8,1
SK,Slovakia,2031,2.5,20.8,8,41,8.8,1
SK,Slovakia,2032,2.5,20.5,7.9,40.6,8.8,0.9
SK,Slovakia,2033,2.5,20.2,7.8,40.2,8.8,0.9
SK,Slovakia,2034,2.5,20,7.7,39.9,8.8,0.9
SK,Slovakia,2035,2.5,19.7,7.7,39.5,8.8,0.9
SK,Slovakia,2036,2.5,19.7,7.6,39.3,8.7,0.8
SK,Slovakia,2037,2.5,19.5,7.5,39,8.7,0.8
SK,Slovakia,2038,2.5,19.400000000000002,7.4,38.8,8.7,0.8
SK,Slovakia,2039,2.6,19.5,7.3,38.7,8.6,0.8
SK,Slovakia,2040,2.6,19.4,7.2,38.5,8.6,0.8
SI,Slovenia,1990,1.8,11.899999999999999,1.4,18.6,2.7,0.8
SI,Slovenia,1991,1.7,11.200000000000001,1.1,17.3,2.6,0.8
SI,Slovenia,1992,1.8,11.100000000000001,1.1,17.4,2.7,0.7
SI,Slovenia,1993,1.7,11.1,0.9,17.6,3.1,0.7
SI,Slovenia,1994,1.8,11,1.1,18,3.4,0.8
SI,Slovenia,1995,1.8,11.3,1.1,18.7,3.8,0.8
SI,Slovenia,1996,1.7,11.4,1.1,19.4,4.4,0.8
SI,Slovenia,1997,1.7,11.600000000000001,1.1,19.7,4.5,0.8
SI,Slovenia,1998,1.7,11.9,1.1,19.5,3.9,0.8
SI,Slovenia,1999,1.7,11.5,1.1,18.8,3.7,0.8
SI,Slovenia,2000,1.8,11.399999999999999,1.2,19.1,3.8,0.9
SI,Slovenia,2001,1.8,12.200000000000001,1.2,20,3.9,0.9
SI,Slovenia,2002,1.8,12.299999999999999,1.2,20.2,3.9,0.9
SI,Slovenia,2003,1.7,12,1.3,19.9,4,0.9
SI,Slovenia,2004,1.7,12.200000000000001,1.4,20.2,4.1,0.9
SI,Slovenia,2005,1.7,12.1,1.4,20.5,4.4,0.8
SI,Slovenia,2006,1.7,12.1,1.5,20.7,4.6,0.8
SI,Slovenia,2007,1.8,11.600000000000001,1.5,20.8,5.2,0.8
SI,Slovenia,2008,1.7,11.700000000000001,1.3,21.6,6.1,0.7
SI,Slovenia,2009,1.7,11,1,19.6,5.3,0.6
SI,Slovenia,2010,1.7,11,1,19.6,5.3,0.6
SI,Slovenia,2011,1.6,10.600000000000001,1,19.6,5.7,0.6
SI,Slovenia,2012,1.6,10,1,19.1,5.8,0.6
SI,Slovenia,2013,1.6,9.5,1.1,18.4,5.5,0.6
SI,Slovenia,2014,1.7,7.9,1.1,16.6,5.4,0.6
SI,Slovenia,2015,1.7,8,1.1,16.8,5.4,0.6
SI,Slovenia,2016,1.7,8.5,1.1,17.7,5.7,0.6
SI,Slovenia,2017,1.7,8.5,1.2,17.5,5.5,0.6
SI,Slovenia,2018,1.9,8.9,1.3,17.9,5.4,0.5
SI,Slovenia,2019,1.9,8.9,1.3,17.9,5.4,0.5
SI,Slovenia,2020,1.9,8.799999999999999,1.3,17.9,5.4,0.4
SI,Slovenia,2021,1.9,8.7,1.3,17.7,5.4,0.4
SI,Slovenia,2022,1.9,8.5,1.3,17.6,5.4,0.4
SI,Slovenia,2023,1.9,8.4,1.3,17.4,5.4,0.4
SI,Slovenia,2024,1.9,8.299999999999999,1.3,17.3,5.4,0.4
SI,Slovenia,2025,1.9,8.1,1.3,17.2,5.4,0.4
SI,Slovenia,2026,1.9,8,1.3,17,5.4,0.4
SI,Slovenia,2027,1.9,7.8999999999999995,1.3,16.8,5.3,0.4
SI,Slovenia,2028,1.9,7.7,1.3,16.6,5.3,0.4
SI,Slovenia,2029,1.9,7.6000000000000005,1.3,16.5,5.3,0.4
SI,Slovenia,2030,1.9,7.499999999999999,1.3,16.3,5.2,0.4
SI,Slovenia,2031,1.9,7.4,1.3,16.1,5.1,0.4
SI,Slovenia,2032,1.9,7.4,1.2,15.9,5,0.4
SI,Slovenia,2033,1.9,7.299999999999999,1.2,15.7,4.9,0.4
SI,Slovenia,2034,1.9,7.2,1.2,15.5,4.8,0.3
SI,Slovenia,2035,1.9,7.1000000000000005,1.2,15.3,4.7,0.3
ES,Spain,1990,36.3,154.5,29.7,288.5,58.7,9.3
ES,Spain,1991,35,161.5,28.1,296.2,62.1,9.5
ES,Spain,1992,34.9,168.3,26.9,306,66.1,9.8
ES,Spain,1993,33.6,160.6,25.8,295.7,65.6,10.2
ES,Spain,1994,35.5,167.2,30,312.5,69.2,10.6
ES,Spain,1995,35.8,180.1,31.8,328.6,70,10.9
ES,Spain,1996,38.8,162.7,32.9,320.4,74.8,11.2
ES,Spain,1997,38.6,174.79999999999998,35.2,334.7,74.4,11.7
ES,Spain,1998,39.6,174.9,37,344.6,81.1,12
ES,Spain,1999,41.1,193.79999999999998,39.9,372,84.9,12.3
ES,Spain,2000,43.3,203.29999999999998,41.9,387.5,86.6,12.5
ES,Spain,2001,42.7,201,38.7,385.2,90,12.8
ES,Spain,2002,42,218.59999999999997,38,403.6,91.8,13.1
ES,Spain,2003,43.5,217.7,40.6,411,96.2,13
ES,Spain,2004,43,230,41.4,426.8,99.8,12.6
ES,Spain,2005,40.5,241.3,44.1,441,102.3,12.9
ES,Spain,2006,39.7,228.60000000000002,47.1,434,105.5,13.1
ES,Spain,2007,40.7,234.39999999999998,48.8,445.2,107.8,13.4
ES,Spain,2008,37.3,212.6,45.9,411.4,101.9,13.7
ES,Spain,2009,37.7,185.70000000000002,39.2,372.1,94.6,15
ES,Spain,2010,37.7,174.3,40.3,357.7,91.3,14.1
ES,Spain,2011,37,182.29999999999998,37.4,357.3,86.1,14.6
ES,Spain,2012,35.8,184.70000000000002,35.7,350.7,80.1,14.4
ES,Spain,2013,35.8,159.2,34.6,323.4,79.8,14
ES,Spain,2014,37.5,159,36.4,326.1,80.1,13.1
ES,Spain,2015,38.3,171.2,31,337.6,83.2,13.9
ES,Spain,2016,38.4,157.70000000000002,30.5,326.4,86.1,13.7
ES,Spain,2017,39.5,170.09999999999997,28.2,340.2,88.8,13.5
ES,Spain,2018,34.5,163.8,31.5,332.5,88.5,14.1
ES,Spain,2019,34.6,163.10000000000002,31.3,332.1,89.2,14
ES,Spain,2020,34.6,162.4,31,331.7,89.9,13.8
ES,Spain,2021,34.6,159.2,30.7,328.5,90.3,13.7
ES,Spain,2022,34.6,156.10000000000002,30.4,325.3,90.7,13.5
ES,Spain,2023,34.6,153,30.1,322.1,91.1,13.4
ES,Spain,2024,34.6,149.8,29.8,318.9,91.5,13.2
ES,Spain,2025,34.6,146.7,29.5,315.7,91.9,13.1
ES,Spain,2026,34.6,146.2,29.1,314.7,91.9,12.9
ES,Spain,2027,34.6,145.6,28.8,313.7,92,12.7
ES,Spain,2028,34.6,145.1,28.5,312.7,92,12.6
ES,Spain,2029,34.5,144.5,28.1,311.7,92.1,12.4
ES,Spain,2030,34.5,144,27.8,310.6,92.1,12.2
ES,Spain,2031,34.4,142.2,27.7,308.3,91.8,12.1
ES,Spain,2032,34.3,140.5,27.6,305.9,91.5,12
ES,Spain,2033,34.2,138.9,27.5,303.6,91.1,11.9
ES,Spain,2034,34.1,137.10000000000002,27.5,301.3,90.8,11.8
ES,Spain,2035,34,135.4,27.4,299,90.5,11.7
ES,Spain,2036,33.9,133.9,27.3,296.7,89.9,11.7
ES,Spain,2037,33.8,132.39999999999998,27.2,294.3,89.3,11.6
ES,Spain,2038,33.7,130.89999999999998,27.1,291.9,88.7,11.5
ES,Spain,2039,33.6,129.4,27,289.6,88.1,11.4
ES,Spain,2040,33.5,127.9,26.9,287.2,87.5,11.3
SE,Sweden,1990,7.7,33.3,7.6,71.3,19,3.7
SE,Sweden,1991,7.4,34.099999999999994,7.4,71.5,18.8,3.8
SE,Sweden,1992,7.3,33.2,6.9,70.9,19.7,3.8
SE,Sweden,1993,7.7,34,7,71.2,18.8,3.7
SE,Sweden,1994,7.7,35.4,7.5,73.6,19.4,3.6
SE,Sweden,1995,7.9,34.4,7.9,73.3,19.5,3.6
SE,Sweden,1996,7.6,38.900000000000006,7.7,76.9,19.2,3.5
SE,Sweden,1997,7.9,33.6,7.7,72.1,19.4,3.5
SE,Sweden,1998,7.6,34,7.9,72.5,19.5,3.4
SE,Sweden,1999,7.6,30.9,7.9,69.6,19.9,3.3
SE,Sweden,2000,7.8,29.400000000000002,8.4,68.5,19.7,3.2
SE,Sweden,2001,7.3,30.1,8.5,68.9,19.9,3.2
SE,Sweden,2002,7.4,30.400000000000002,8.7,69.8,20.3,3
SE,Sweden,2003,7.3,31.1,8.3,70.2,20.6,2.8
SE,Sweden,2004,7.1,29.6,8.9,69.3,20.9,2.8
SE,Sweden,2005,7.1,26.9,8.8,66.6,21.1,2.7
SE,Sweden,2006,7.2,27,8.8,66.5,20.9,2.6
SE,Sweden,2007,6.9,25.7,8.7,64.9,21.2,2.4
SE,Sweden,2008,7,24.5,8.4,62.6,20.6,2.1
SE,Sweden,2009,6.7,23.000000000000004,6.4,58.3,20.2,2.1
SE,Sweden,2010,6.8,26.8,8.4,64.3,20.3,1.9
SE,Sweden,2011,7.1,23.5,7.9,60.2,19.9,1.8
SE,Sweden,2012,6.7,22.3,7.5,56.9,18.7,1.7
SE,Sweden,2013,6.9,21.2,7.5,55.4,18.2,1.6
SE,Sweden,2014,7,20.2,7.4,53.8,17.8,1.5
SE,Sweden,2015,6.9,20.099999999999998,7.3,53.5,17.8,1.4
SE,Sweden,2016,6.9,19.9,7.9,52.9,17,1.3
SE,Sweden,2017,7.2,20,7.6,52.7,16.6,1.3
SE,Sweden,2018,7,19.9,7.6,51.7,16,1.2
SE,Sweden,2019,6.8,19.700000000000003,7.7,50.7,15.4,1.1
SE,Sweden,2020,6.7,19.499999999999996,7.7,49.7,14.8,1.1
SE,Sweden,2021,6.6,19.4,7.6,49.3,14.6,1
SE,Sweden,2022,6.6,19.200000000000003,7.6,48.9,14.5,1
SE,Sweden,2023,6.5,19.099999999999998,7.6,48.5,14.3,0.9
SE,Sweden,2024,6.5,19,7.6,48.1,14.1,0.9
SE,Sweden,2025,6.4,18.9,7.5,47.7,13.9,0.9
SE,Sweden,2026,6.4,18.900000000000002,7.5,47.4,13.8,0.8
SE,Sweden,2027,6.4,18.8,7.4,47,13.7,0.8
SE,Sweden,2028,6.3,18.699999999999996,7.4,46.7,13.6,0.8
SE,Sweden,2029,6.3,18.6,7.3,46.4,13.5,0.7
SE,Sweden,2030,6.2,18.5,7.3,46.1,13.4,0.7
SE,Sweden,2031,6.2,18.4,7.3,46,13.4,0.7
SE,Sweden,2032,6.2,18.5,7.3,45.9,13.3,0.7
SE,Sweden,2033,6.2,18.4,7.2,45.8,13.3,0.7
SE,Sweden,2034,6.2,18.4,7.2,45.7,13.3,0.7
SE,Sweden,2035,6.1,18.400000000000002,7.2,45.6,13.2,0.6
CH,Switzerland,1990,6.8,27.199999999999996,3.6,53.3,14.6,1.1
CH,Switzerland,1991,6.7,29.1,3.2,55.1,15.1,1
CH,Switzerland,1992,6.6,28.799999999999997,3,54.9,15.5,1
CH,Switzerland,1993,6.6,27.700000000000003,2.7,52.3,14.4,0.9
CH,Switzerland,1994,6.5,26.4,2.9,51.3,14.6,0.9
CH,Switzerland,1995,6.5,27.599999999999998,2.9,52.2,14.3,0.9
CH,Switzerland,1996,6.4,28.400000000000002,2.8,52.8,14.3,0.9
CH,Switzerland,1997,6.2,26.9,2.7,51.6,14.9,0.9
CH,Switzerland,1998,6.2,28.299999999999997,2.8,53.3,15.1,0.8
CH,Switzerland,1999,6.1,27.500000000000004,2.9,53,15.7,0.8
CH,Switzerland,2000,6.2,26.300000000000004,3.1,52.4,15.9,0.8
CH,Switzerland,2001,6.2,28,3.2,53.9,15.6,0.8
CH,Switzerland,2002,6.1,26.4,3.3,52.3,15.6,0.9
CH,Switzerland,2003,6,27.500000000000004,3.4,53.4,15.7,0.8
CH,Switzerland,2004,6,27.8,3.6,54,15.8,0.9
CH,Switzerland,2005,6.1,28.1,3.8,54.7,15.9,0.8
CH,Switzerland,2006,6,27.6,3.8,54.3,16,0.8
CH,Switzerland,2007,6.1,25.3,3.9,52.4,16.3,0.8
CH,Switzerland,2008,6.2,26.299999999999997,3.9,53.9,16.6,0.8
CH,Switzerland,2009,6.1,25.4,3.8,52.6,16.4,0.8
CH,Switzerland,2010,6.2,26.900000000000002,4,54.1,16.3,0.8
CH,Switzerland,2011,6.1,23,4,50,16.1,0.8
CH,Switzerland,2012,6.2,24.2,4,51.5,16.3,0.7
CH,Switzerland,2013,6.1,25.3,4,52.2,16.2,0.7
CH,Switzerland,2014,6.2,21.299999999999997,4,48.4,16.1,0.7
CH,Switzerland,2015,6.1,21.8,3.9,47.8,15.3,0.7
CH,Switzerland,2016,6.1,22.3,3.9,48.2,15.2,0.7
CH,Switzerland,2017,6.1,21.6,3.9,47.2,14.9,0.7
CH,Switzerland,2018,6,20.700000000000003,3.8,46.9,15.5,0.8
CH,Switzerland,2019,6,20.4,3.8,46.4,15.5,0.8
CH,Switzerland,2020,6,19.9,3.7,45.9,15.5,0.8
CH,Switzerland,2021,5.9,19.5,3.7,45.4,15.5,0.8
CH,Switzerland,2022,5.9,19.1,3.6,44.9,15.5,0.8
CH,Switzerland,2023,5.9,18.700000000000003,3.5,44.4,15.5,0.8
CH,Switzerland,2024,5.9,18.299999999999997,3.5,44,15.5,0.8
CH,Switzerland,2025,5.9,18,3.4,43.5,15.5,0.8
CH,Switzerland,2026,5.9,17.700000000000003,3.2,43.1,15.5,0.8
CH,Switzerland,2027,5.9,17.4,3.2,42.7,15.5,0.8
CH,Switzerland,2028,5.9,17.1,3.1,42.3,15.5,0.8
CH,Switzerland,2029,5.9,16.9,3,42.1,15.5,0.8
CH,Switzerland,2030,5.9,16.6,2.9,41.7,15.5,0.8
TR,Turkey,1990,45.7,112.6,22.8,219.2,27,11.1
TR,Turkey,1991,46.5,118.3,24.7,226.6,25.7,11.3
TR,Turkey,1992,46.6,123.9,24.3,232.8,26.4,11.5
TR,Turkey,1993,47,124.70000000000002,24.5,240.1,32.1,11.8
TR,Turkey,1994,44.6,122.70000000000002,24.2,234.1,30.6,12
TR,Turkey,1995,43.7,132.20000000000002,25.2,247.6,34.1,12.4
TR,Turkey,1996,44.4,147.7,26.2,267.2,36.3,12.7
TR,Turkey,1997,42.2,161.5,27,278.6,34.7,13.2
TR,Turkey,1998,43.6,163.10000000000002,27.4,280.3,32.8,13.5
TR,Turkey,1999,44.2,159.20000000000002,25.8,277.8,34.6,13.9
TR,Turkey,2000,42.3,179.6,26.2,298.9,36.5,14.3
TR,Turkey,2001,39.8,162.7,25.9,280.4,36.5,15.5
TR,Turkey,2002,37.4,169.60000000000002,26.9,286.1,36.2,15.9
TR,Turkey,2003,40.9,182.5,28.2,305.6,37.8,16.2
TR,Turkey,2004,41.4,184.1,30.8,315,42,16.6
TR,Turkey,2005,42.3,202,33.6,337.2,42,17.3
TR,Turkey,2006,43.5,214.6,36.7,358.2,45.4,18
TR,Turkey,2007,43.2,238.70000000000002,39.2,391.4,52.1,18.3
TR,Turkey,2008,41,239.10000000000002,40.9,387.6,48.2,18.3
TR,Turkey,2009,41.7,244.6,42.5,395.5,47.9,18.8
TR,Turkey,2010,44,241.6,48.1,398.7,45.4,19.5
TR,Turkey,2011,46.4,261.3,52.7,427.6,47.4,19.8
TR,Turkey,2012,52.1,258,55,446.9,62.5,19.4
TR,Turkey,2013,55.2,238.6,58.1,439,68.9,18.2
TR,Turkey,2014,55.5,252.20000000000002,58.5,458,73.6,18.2
TR,Turkey,2015,55.4,265.09999999999997,57,472.2,75.8,18.8
TR,Turkey,2016,58.2,277.9,62.2,498.5,81.8,18.4
TR,Turkey,2017,62.5,295.2,66.5,526.3,84.7,17.4
NA,UK,1990,48.8,491.09999999999997,66.6,794.4,121.3,66.7
NA,UK,1991,48.5,502.5,64.8,803.5,120.5,67.3
NA,UK,1992,47.8,485,60.4,782.6,122,67.4
NA,UK,1993,46.8,468.40000000000003,57,763.3,123.2,67.9
NA,UK,1994,47.8,453.40000000000003,60.3,754.3,124.7,68.2
NA,UK,1995,47.6,445.7,60.9,747.5,124.2,69.2
NA,UK,1996,48.2,460.19999999999993,62.9,769.4,128.6,69.5
NA,UK,1997,47.5,433.49999999999994,64.1,743.9,129.8,69
NA,UK,1998,47.7,436.5,60.7,742.3,129.4,68
NA,UK,1999,47.7,425.6,42.7,711.9,130.6,65.3
NA,UK,2000,45.5,433.40000000000003,40.6,711.7,129.2,62.9
NA,UK,2001,43.1,443.40000000000003,38.8,714.9,128.7,60.9
NA,UK,2002,42.8,424.69999999999993,37,695.3,131.1,59.7
NA,UK,2003,43.7,433.1,39.3,702.4,130.4,55.9
NA,UK,2004,43.8,431.80000000000007,40.4,699.1,131.4,51.7
NA,UK,2005,43.3,426.90000000000003,39.6,691.1,132.3,49.1
NA,UK,2006,42.2,424.99999999999994,38.8,683.8,131.8,46
NA,UK,2007,41.7,413.20000000000005,41.1,671.8,132.9,42.9
NA,UK,2008,40.7,405.70000000000005,39.4,651.7,127.4,38.4
NA,UK,2009,40.4,365.6,32.7,595.8,122.7,34.4
NA,UK,2010,40.6,383.6,35.5,610.4,120.9,29.8
NA,UK,2011,40.7,343.7,31.9,563.2,119,27.8
NA,UK,2012,40.3,362.7,32.3,579.7,118.2,26.2
NA,UK,2013,40.1,351.2,34.4,565.9,117,23.2
NA,UK,2014,41.5,310.4,34.1,525.5,118.6,21
NA,UK,2015,40.9,291.7,33.6,508.1,121.2,20.7
NA,UK,2016,40.9,267.8,30.8,483.3,123.7,20.1
NA,UK,2017,41.2,254.90000000000003,30.2,470.5,123.7,20.4
GB,United Kingdom,2018,40.1,238.8,29.2,443.5,117.7,17.6
GB,United Kingdom,2019,39.8,224.50000000000003,27.8,424.8,115.6,17.1
GB,United Kingdom,2020,39.5,218.60000000000002,26.5,414.4,113.2,16.5
GB,United Kingdom,2021,39.1,210.4,25.5,402.5,111.6,16
GB,United Kingdom,2022,38.6,207.3,24.6,396.1,110,15.6
GB,United Kingdom,2023,38.5,207.5,23.6,393.7,108.8,15.2
GB,United Kingdom,2024,38.3,204.8,22.6,388.3,107.7,14.9
GB,United Kingdom,2025,38.2,203.6,21.9,384.6,106.4,14.6
GB,United Kingdom,2026,38.1,202.60000000000002,21.1,381.9,105.7,14.4
GB,United Kingdom,2027,38,206.29999999999998,20.5,383.8,104.9,14.2
GB,United Kingdom,2028,38,206.39999999999998,19.9,382.2,104,14
GB,United Kingdom,2029,37.9,205.4,19.2,379.4,103.1,13.9
GB,United Kingdom,2030,37.8,203.09999999999997,18.6,375.6,102.3,13.7
GB,United Kingdom,2031,37.8,202,17.9,372.9,101.5,13.6
GB,United Kingdom,2032,37.7,200.20000000000002,17.4,369.8,100.9,13.5
GB,United Kingdom,2033,37.7,199.50000000000003,17.1,368.2,100.6,13.4
GB,United Kingdom,2034,37.7,199.20000000000002,16.9,367.1,100.1,13.3
GB,United Kingdom,2035,37.7,197.4,16.7,364.9,99.9,13.2
